[2026-01-12T15:57:49.253+0000] {manager.py:470} INFO - Processing files using up to 2 processes at a time 
[2026-01-12T15:57:49.265+0000] {manager.py:471} INFO - Process each file at most once every 30 seconds
[2026-01-12T15:57:49.275+0000] {manager.py:472} INFO - Checking for new files in /opt/airflow/dags every 300 seconds
[2026-01-12T15:57:49.286+0000] {manager.py:737} INFO - Searching for files in /opt/airflow/dags
[2026-01-12T15:57:49.923+0000] {manager.py:740} INFO - There are 1 files in /opt/airflow/dags
[2026-01-12T15:57:52.496+0000] {manager.py:878} INFO - 
================================================================================
DAG File Processing Stats

File Path                                 PID  Runtime      # DAGs    # Errors  Last Runtime    Last Run
--------------------------------------  -----  ---------  --------  ----------  --------------  ----------
/opt/airflow/dags/etl_medallion_dag.py    188  0.59s             0           0
================================================================================
[2026-01-12T15:58:23.939+0000] {manager.py:878} INFO - 
================================================================================
DAG File Processing Stats

File Path                                 PID  Runtime      # DAGs    # Errors  Last Runtime    Last Run
--------------------------------------  -----  ---------  --------  ----------  --------------  -------------------
/opt/airflow/dags/etl_medallion_dag.py    193  0.42s             0           1  0.87s           2026-01-12T15:57:52
================================================================================
[2026-01-12T15:58:54.807+0000] {manager.py:878} INFO - 
================================================================================
DAG File Processing Stats

File Path                               PID    Runtime      # DAGs    # Errors  Last Runtime    Last Run
--------------------------------------  -----  ---------  --------  ----------  --------------  -------------------
/opt/airflow/dags/etl_medallion_dag.py                           0           1  2.89s           2026-01-12T15:58:26
================================================================================
[2026-01-12T15:59:25.213+0000] {manager.py:878} INFO - 
================================================================================
DAG File Processing Stats

File Path                               PID    Runtime      # DAGs    # Errors  Last Runtime    Last Run
--------------------------------------  -----  ---------  --------  ----------  --------------  -------------------
/opt/airflow/dags/etl_medallion_dag.py                           0           1  3.40s           2026-01-12T15:59:00
================================================================================
[2026-01-12T15:59:55.308+0000] {manager.py:878} INFO - 
================================================================================
DAG File Processing Stats

File Path                               PID    Runtime      # DAGs    # Errors  Last Runtime    Last Run
--------------------------------------  -----  ---------  --------  ----------  --------------  -------------------
/opt/airflow/dags/etl_medallion_dag.py                           0           1  3.19s           2026-01-12T15:59:34
================================================================================
[2026-01-12T16:00:26.166+0000] {manager.py:878} INFO - 
================================================================================
DAG File Processing Stats

File Path                               PID    Runtime      # DAGs    # Errors  Last Runtime    Last Run
--------------------------------------  -----  ---------  --------  ----------  --------------  -------------------
/opt/airflow/dags/etl_medallion_dag.py                           0           1  1.37s           2026-01-12T16:00:07
================================================================================
[2026-01-12T16:00:57.108+0000] {manager.py:878} INFO - 
================================================================================
DAG File Processing Stats

File Path                               PID    Runtime      # DAGs    # Errors  Last Runtime    Last Run
--------------------------------------  -----  ---------  --------  ----------  --------------  -------------------
/opt/airflow/dags/etl_medallion_dag.py                           0           1  2.22s           2026-01-12T16:00:39
================================================================================
[2026-01-12T16:01:27.535+0000] {manager.py:878} INFO - 
================================================================================
DAG File Processing Stats

File Path                               PID    Runtime      # DAGs    # Errors  Last Runtime    Last Run
--------------------------------------  -----  ---------  --------  ----------  --------------  -------------------
/opt/airflow/dags/etl_medallion_dag.py                           0           1  0.44s           2026-01-12T16:01:10
================================================================================
[2026-01-12T16:01:58.448+0000] {manager.py:878} INFO - 
================================================================================
DAG File Processing Stats

File Path                               PID    Runtime      # DAGs    # Errors  Last Runtime    Last Run
--------------------------------------  -----  ---------  --------  ----------  --------------  -------------------
/opt/airflow/dags/etl_medallion_dag.py                           0           1  1.13s           2026-01-12T16:01:42
================================================================================
[2026-01-12T16:02:28.907+0000] {manager.py:878} INFO - 
================================================================================
DAG File Processing Stats

File Path                               PID    Runtime      # DAGs    # Errors  Last Runtime    Last Run
--------------------------------------  -----  ---------  --------  ----------  --------------  -------------------
/opt/airflow/dags/etl_medallion_dag.py                           0           1  0.29s           2026-01-12T16:02:12
================================================================================
[2026-01-12T16:02:49.525+0000] {manager.py:737} INFO - Searching for files in /opt/airflow/dags
[2026-01-12T16:02:49.650+0000] {manager.py:740} INFO - There are 1 files in /opt/airflow/dags
[2026-01-12T16:02:58.921+0000] {manager.py:878} INFO - 
================================================================================
DAG File Processing Stats

File Path                               PID    Runtime      # DAGs    # Errors  Last Runtime    Last Run
--------------------------------------  -----  ---------  --------  ----------  --------------  -------------------
/opt/airflow/dags/etl_medallion_dag.py                           0           1  0.33s           2026-01-12T16:02:43
================================================================================
[2026-01-12T16:03:29.264+0000] {manager.py:878} INFO - 
================================================================================
DAG File Processing Stats

File Path                               PID    Runtime      # DAGs    # Errors  Last Runtime    Last Run
--------------------------------------  -----  ---------  --------  ----------  --------------  -------------------
/opt/airflow/dags/etl_medallion_dag.py                           0           1  0.81s           2026-01-12T16:03:14
================================================================================
[2026-01-12T16:03:59.963+0000] {manager.py:878} INFO - 
================================================================================
DAG File Processing Stats

File Path                               PID    Runtime      # DAGs    # Errors  Last Runtime    Last Run
--------------------------------------  -----  ---------  --------  ----------  --------------  -------------------
/opt/airflow/dags/etl_medallion_dag.py                           1           0  16.21s          2026-01-12T16:03:54
================================================================================
[2026-01-12T16:04:30.968+0000] {manager.py:878} INFO - 
================================================================================
DAG File Processing Stats

File Path                                 PID  Runtime      # DAGs    # Errors  Last Runtime    Last Run
--------------------------------------  -----  ---------  --------  ----------  --------------  -------------------
/opt/airflow/dags/etl_medallion_dag.py    249  5.36s             1           0  16.21s          2026-01-12T16:03:54
================================================================================
[2026-01-12T16:05:01.767+0000] {manager.py:878} INFO - 
================================================================================
DAG File Processing Stats

File Path                               PID    Runtime      # DAGs    # Errors  Last Runtime    Last Run
--------------------------------------  -----  ---------  --------  ----------  --------------  -------------------
/opt/airflow/dags/etl_medallion_dag.py                           1           0  16.83s          2026-01-12T16:04:42
================================================================================
[2026-01-12T16:05:32.112+0000] {manager.py:878} INFO - 
================================================================================
DAG File Processing Stats

File Path                               PID    Runtime      # DAGs    # Errors  Last Runtime    Last Run
--------------------------------------  -----  ---------  --------  ----------  --------------  -------------------
/opt/airflow/dags/etl_medallion_dag.py                           1           0  12.11s          2026-01-12T16:05:25
================================================================================
[2026-01-12T16:06:02.373+0000] {manager.py:878} INFO - 
================================================================================
DAG File Processing Stats

File Path                                 PID  Runtime      # DAGs    # Errors  Last Runtime    Last Run
--------------------------------------  -----  ---------  --------  ----------  --------------  -------------------
/opt/airflow/dags/etl_medallion_dag.py    261  6.32s             1           0  12.11s          2026-01-12T16:05:25
================================================================================
[2026-01-12T16:06:32.883+0000] {manager.py:878} INFO - 
================================================================================
DAG File Processing Stats

File Path                               PID    Runtime      # DAGs    # Errors  Last Runtime    Last Run
--------------------------------------  -----  ---------  --------  ----------  --------------  -------------------
/opt/airflow/dags/etl_medallion_dag.py                           1           0  9.63s           2026-01-12T16:06:05
================================================================================
[2026-01-12T16:07:03.137+0000] {manager.py:878} INFO - 
================================================================================
DAG File Processing Stats

File Path                               PID    Runtime      # DAGs    # Errors  Last Runtime    Last Run
--------------------------------------  -----  ---------  --------  ----------  --------------  -------------------
/opt/airflow/dags/etl_medallion_dag.py                           1           0  12.05s          2026-01-12T16:06:48
================================================================================
[2026-01-12T16:07:33.710+0000] {manager.py:878} INFO - 
================================================================================
DAG File Processing Stats

File Path                               PID    Runtime      # DAGs    # Errors  Last Runtime    Last Run
--------------------------------------  -----  ---------  --------  ----------  --------------  -------------------
/opt/airflow/dags/etl_medallion_dag.py                           1           0  9.57s           2026-01-12T16:07:28
================================================================================
[2026-01-12T16:07:49.954+0000] {manager.py:737} INFO - Searching for files in /opt/airflow/dags
[2026-01-12T16:07:50.298+0000] {manager.py:740} INFO - There are 1 files in /opt/airflow/dags
[2026-01-12T16:08:04.359+0000] {manager.py:878} INFO - 
================================================================================
DAG File Processing Stats

File Path                                 PID  Runtime      # DAGs    # Errors  Last Runtime    Last Run
--------------------------------------  -----  ---------  --------  ----------  --------------  -------------------
/opt/airflow/dags/etl_medallion_dag.py    279  4.39s             1           0  9.57s           2026-01-12T16:07:28
================================================================================
[2026-01-12T16:08:34.377+0000] {manager.py:878} INFO - 
================================================================================
DAG File Processing Stats

File Path                               PID    Runtime      # DAGs    # Errors  Last Runtime    Last Run
--------------------------------------  -----  ---------  --------  ----------  --------------  -------------------
/opt/airflow/dags/etl_medallion_dag.py                           1           0  11.05s          2026-01-12T16:08:10
================================================================================
[2026-01-12T16:09:04.671+0000] {manager.py:878} INFO - 
================================================================================
DAG File Processing Stats

File Path                               PID    Runtime      # DAGs    # Errors  Last Runtime    Last Run
--------------------------------------  -----  ---------  --------  ----------  --------------  -------------------
/opt/airflow/dags/etl_medallion_dag.py                           1           0  7.27s           2026-01-12T16:08:48
================================================================================
[2026-01-12T16:09:34.931+0000] {manager.py:878} INFO - 
================================================================================
DAG File Processing Stats

File Path                               PID    Runtime      # DAGs    # Errors  Last Runtime    Last Run
--------------------------------------  -----  ---------  --------  ----------  --------------  -------------------
/opt/airflow/dags/etl_medallion_dag.py                           1           0  14.00s          2026-01-12T16:09:33
================================================================================
[2026-01-12T16:10:05.013+0000] {manager.py:878} INFO - 
================================================================================
DAG File Processing Stats

File Path                                 PID  Runtime      # DAGs    # Errors  Last Runtime    Last Run
--------------------------------------  -----  ---------  --------  ----------  --------------  -------------------
/opt/airflow/dags/etl_medallion_dag.py    297  1.33s             1           0  14.00s          2026-01-12T16:09:33
================================================================================
[2026-01-12T16:10:35.654+0000] {manager.py:878} INFO - 
================================================================================
DAG File Processing Stats

File Path                                 PID  Runtime      # DAGs    # Errors  Last Runtime    Last Run
--------------------------------------  -----  ---------  --------  ----------  --------------  -------------------
/opt/airflow/dags/etl_medallion_dag.py    297  31.99s            1           0  14.00s          2026-01-12T16:09:33
================================================================================
[2026-01-12T16:11:05.917+0000] {manager.py:878} INFO - 
================================================================================
DAG File Processing Stats

File Path                               PID    Runtime      # DAGs    # Errors  Last Runtime    Last Run
--------------------------------------  -----  ---------  --------  ----------  --------------  -------------------
/opt/airflow/dags/etl_medallion_dag.py                           1           0  34.88s          2026-01-12T16:10:38
================================================================================
[2026-01-12T16:11:36.311+0000] {manager.py:878} INFO - 
================================================================================
DAG File Processing Stats

File Path                               PID    Runtime      # DAGs    # Errors  Last Runtime    Last Run
--------------------------------------  -----  ---------  --------  ----------  --------------  -------------------
/opt/airflow/dags/etl_medallion_dag.py                           1           0  22.03s          2026-01-12T16:11:31
================================================================================
[2026-01-12T16:12:06.388+0000] {manager.py:878} INFO - 
================================================================================
DAG File Processing Stats

File Path                                 PID  Runtime      # DAGs    # Errors  Last Runtime    Last Run
--------------------------------------  -----  ---------  --------  ----------  --------------  -------------------
/opt/airflow/dags/etl_medallion_dag.py    309  4.39s             1           0  22.03s          2026-01-12T16:11:31
================================================================================
[2026-01-12T16:12:36.899+0000] {manager.py:878} INFO - 
================================================================================
DAG File Processing Stats

File Path                               PID    Runtime      # DAGs    # Errors  Last Runtime    Last Run
--------------------------------------  -----  ---------  --------  ----------  --------------  -------------------
/opt/airflow/dags/etl_medallion_dag.py                           1           0  8.88s           2026-01-12T16:12:10
================================================================================
[2026-01-12T16:12:50.595+0000] {manager.py:737} INFO - Searching for files in /opt/airflow/dags
[2026-01-12T16:12:50.785+0000] {manager.py:740} INFO - There are 1 files in /opt/airflow/dags
[2026-01-12T16:13:07.114+0000] {manager.py:878} INFO - 
================================================================================
DAG File Processing Stats

File Path                               PID    Runtime      # DAGs    # Errors  Last Runtime    Last Run
--------------------------------------  -----  ---------  --------  ----------  --------------  -------------------
/opt/airflow/dags/etl_medallion_dag.py                           1           0  11.61s          2026-01-12T16:12:52
================================================================================
[2026-01-12T16:13:37.196+0000] {manager.py:878} INFO - 
================================================================================
DAG File Processing Stats

File Path                               PID    Runtime      # DAGs    # Errors  Last Runtime    Last Run
--------------------------------------  -----  ---------  --------  ----------  --------------  -------------------
/opt/airflow/dags/etl_medallion_dag.py                           1           0  10.20s          2026-01-12T16:13:34
================================================================================
[2026-01-12T16:14:08.169+0000] {manager.py:878} INFO - 
================================================================================
DAG File Processing Stats

File Path                                 PID  Runtime      # DAGs    # Errors  Last Runtime    Last Run
--------------------------------------  -----  ---------  --------  ----------  --------------  -------------------
/opt/airflow/dags/etl_medallion_dag.py    327  3.26s             1           0  10.20s          2026-01-12T16:13:34
================================================================================
[2026-01-12T16:14:38.369+0000] {manager.py:878} INFO - 
================================================================================
DAG File Processing Stats

File Path                               PID    Runtime      # DAGs    # Errors  Last Runtime    Last Run
--------------------------------------  -----  ---------  --------  ----------  --------------  -------------------
/opt/airflow/dags/etl_medallion_dag.py                           1           0  9.04s           2026-01-12T16:14:13
================================================================================
[2026-01-12T16:15:08.909+0000] {manager.py:878} INFO - 
================================================================================
DAG File Processing Stats

File Path                                 PID  Runtime      # DAGs    # Errors  Last Runtime    Last Run
--------------------------------------  -----  ---------  --------  ----------  --------------  -------------------
/opt/airflow/dags/etl_medallion_dag.py    333  24.13s            1           0  9.04s           2026-01-12T16:14:13
================================================================================
[2026-01-12T16:15:34.999+0000] {manager.py:1203} ERROR - Processor for /opt/airflow/dags/etl_medallion_dag.py with PID 333 started at 2026-01-12T16:14:44.704381+00:00 has timed out, killing it.
[2026-01-12T16:15:38.685+0000] {manager.py:878} INFO - 
================================================================================
DAG File Processing Stats

File Path                               PID    Runtime      # DAGs    # Errors  Last Runtime    Last Run
--------------------------------------  -----  ---------  --------  ----------  --------------  -------------------
/opt/airflow/dags/etl_medallion_dag.py                           0           1  50.26s          2026-01-12T16:15:34
================================================================================
[2026-01-12T16:16:09.176+0000] {manager.py:878} INFO - 
================================================================================
DAG File Processing Stats

File Path                                 PID  Runtime      # DAGs    # Errors  Last Runtime    Last Run
--------------------------------------  -----  ---------  --------  ----------  --------------  -------------------
/opt/airflow/dags/etl_medallion_dag.py    337  3.28s             0           1  50.26s          2026-01-12T16:15:34
================================================================================
[2026-01-12T16:16:39.403+0000] {manager.py:878} INFO - 
================================================================================
DAG File Processing Stats

File Path                               PID    Runtime      # DAGs    # Errors  Last Runtime    Last Run
--------------------------------------  -----  ---------  --------  ----------  --------------  -------------------
/opt/airflow/dags/etl_medallion_dag.py                           1           0  17.07s          2026-01-12T16:16:22
================================================================================
[2026-01-12T16:17:10.409+0000] {manager.py:878} INFO - 
================================================================================
DAG File Processing Stats

File Path                               PID    Runtime      # DAGs    # Errors  Last Runtime    Last Run
--------------------------------------  -----  ---------  --------  ----------  --------------  -------------------
/opt/airflow/dags/etl_medallion_dag.py                           1           0  11.18s          2026-01-12T16:17:04
================================================================================
[2026-01-12T16:17:40.498+0000] {manager.py:878} INFO - 
================================================================================
DAG File Processing Stats

File Path                                 PID  Runtime      # DAGs    # Errors  Last Runtime    Last Run
--------------------------------------  -----  ---------  --------  ----------  --------------  -------------------
/opt/airflow/dags/etl_medallion_dag.py    349  5.49s             1           0  11.18s          2026-01-12T16:17:04
================================================================================
[2026-01-12T16:17:50.637+0000] {manager.py:737} INFO - Searching for files in /opt/airflow/dags
[2026-01-12T16:17:50.878+0000] {manager.py:740} INFO - There are 1 files in /opt/airflow/dags
[2026-01-12T16:18:10.550+0000] {manager.py:878} INFO - 
================================================================================
DAG File Processing Stats

File Path                               PID    Runtime      # DAGs    # Errors  Last Runtime    Last Run
--------------------------------------  -----  ---------  --------  ----------  --------------  -------------------
/opt/airflow/dags/etl_medallion_dag.py                           1           0  9.62s           2026-01-12T16:17:44
================================================================================
[2026-01-12T16:18:40.841+0000] {manager.py:878} INFO - 
================================================================================
DAG File Processing Stats

File Path                               PID    Runtime      # DAGs    # Errors  Last Runtime    Last Run
--------------------------------------  -----  ---------  --------  ----------  --------------  -------------------
/opt/airflow/dags/etl_medallion_dag.py                           1           0  8.88s           2026-01-12T16:18:23
================================================================================
[2026-01-12T16:19:11.238+0000] {manager.py:878} INFO - 
================================================================================
DAG File Processing Stats

File Path                                 PID  Runtime      # DAGs    # Errors  Last Runtime    Last Run
--------------------------------------  -----  ---------  --------  ----------  --------------  -------------------
/opt/airflow/dags/etl_medallion_dag.py    361  16.77s            1           0  8.88s           2026-01-12T16:18:23
================================================================================
[2026-01-12T16:19:42.128+0000] {manager.py:878} INFO - 
================================================================================
DAG File Processing Stats

File Path                               PID    Runtime      # DAGs    # Errors  Last Runtime    Last Run
--------------------------------------  -----  ---------  --------  ----------  --------------  -------------------
/opt/airflow/dags/etl_medallion_dag.py                           1           0  31.52s          2026-01-12T16:19:25
================================================================================
[2026-01-12T16:20:12.809+0000] {manager.py:878} INFO - 
================================================================================
DAG File Processing Stats

File Path                                 PID  Runtime      # DAGs    # Errors  Last Runtime    Last Run
--------------------------------------  -----  ---------  --------  ----------  --------------  -------------------
/opt/airflow/dags/etl_medallion_dag.py    367  15.38s            1           0  31.52s          2026-01-12T16:19:25
================================================================================
[2026-01-12T16:20:43.264+0000] {manager.py:878} INFO - 
================================================================================
DAG File Processing Stats

File Path                               PID    Runtime      # DAGs    # Errors  Last Runtime    Last Run
--------------------------------------  -----  ---------  --------  ----------  --------------  -------------------
/opt/airflow/dags/etl_medallion_dag.py                           1           0  39.46s          2026-01-12T16:20:36
================================================================================
[2026-01-12T16:21:13.499+0000] {manager.py:878} INFO - 
================================================================================
DAG File Processing Stats

File Path                                 PID  Runtime      # DAGs    # Errors  Last Runtime    Last Run
--------------------------------------  -----  ---------  --------  ----------  --------------  -------------------
/opt/airflow/dags/etl_medallion_dag.py    373  5.34s             1           0  39.46s          2026-01-12T16:20:36
================================================================================
[2026-01-12T16:21:41.830+0000] {manager.py:1016} ERROR - Processor for /opt/airflow/dags/etl_medallion_dag.py exited with return code 1.
[2026-01-12T16:21:43.596+0000] {manager.py:878} INFO - 
================================================================================
DAG File Processing Stats

File Path                               PID    Runtime      # DAGs    # Errors  Last Runtime    Last Run
--------------------------------------  -----  ---------  --------  ----------  --------------  -------------------
/opt/airflow/dags/etl_medallion_dag.py                           0          -1  33.66s          2026-01-12T16:21:41
================================================================================
[2026-01-12T16:22:16.388+0000] {manager.py:878} INFO - 
================================================================================
DAG File Processing Stats

File Path                                 PID  Runtime      # DAGs    # Errors  Last Runtime    Last Run
--------------------------------------  -----  ---------  --------  ----------  --------------  -------------------
/opt/airflow/dags/etl_medallion_dag.py    379  2.40s             0          -1  33.66s          2026-01-12T16:21:41
================================================================================
[2026-01-12T16:22:47.735+0000] {manager.py:878} INFO - 
================================================================================
DAG File Processing Stats

File Path                               PID    Runtime      # DAGs    # Errors  Last Runtime    Last Run
--------------------------------------  -----  ---------  --------  ----------  --------------  -------------------
/opt/airflow/dags/etl_medallion_dag.py                           1           0  33.52s          2026-01-12T16:22:46
================================================================================
[2026-01-12T16:22:50.814+0000] {manager.py:737} INFO - Searching for files in /opt/airflow/dags
[2026-01-12T16:22:51.129+0000] {manager.py:740} INFO - There are 1 files in /opt/airflow/dags
[2026-01-12T16:23:18.034+0000] {manager.py:878} INFO - 
================================================================================
DAG File Processing Stats

File Path                                 PID  Runtime      # DAGs    # Errors  Last Runtime    Last Run
--------------------------------------  -----  ---------  --------  ----------  --------------  -------------------
/opt/airflow/dags/etl_medallion_dag.py    385  0.35s             1           0  33.52s          2026-01-12T16:22:46
================================================================================
[2026-01-12T16:23:48.665+0000] {manager.py:878} INFO - 
================================================================================
DAG File Processing Stats

File Path                                 PID  Runtime      # DAGs    # Errors  Last Runtime    Last Run
--------------------------------------  -----  ---------  --------  ----------  --------------  -------------------
/opt/airflow/dags/etl_medallion_dag.py    385  31.07s            1           0  33.52s          2026-01-12T16:22:46
================================================================================
[2026-01-12T16:23:49.678+0000] {manager.py:1016} ERROR - Processor for /opt/airflow/dags/etl_medallion_dag.py exited with return code 1.
[2026-01-12T16:24:19.631+0000] {manager.py:878} INFO - 
================================================================================
DAG File Processing Stats

File Path                               PID    Runtime      # DAGs    # Errors  Last Runtime    Last Run
--------------------------------------  -----  ---------  --------  ----------  --------------  -------------------
/opt/airflow/dags/etl_medallion_dag.py                           0          -1  32.12s          2026-01-12T16:23:49
================================================================================
[2026-01-12T16:24:50.178+0000] {manager.py:878} INFO - 
================================================================================
DAG File Processing Stats

File Path                                 PID  Runtime      # DAGs    # Errors  Last Runtime    Last Run
--------------------------------------  -----  ---------  --------  ----------  --------------  -------------------
/opt/airflow/dags/etl_medallion_dag.py    391  29.94s            0          -1  32.12s          2026-01-12T16:23:49
================================================================================
[2026-01-12T16:24:54.792+0000] {manager.py:1016} ERROR - Processor for /opt/airflow/dags/etl_medallion_dag.py exited with return code 1.
[2026-01-12T16:25:20.891+0000] {manager.py:878} INFO - 
================================================================================
DAG File Processing Stats

File Path                               PID    Runtime      # DAGs    # Errors  Last Runtime    Last Run
--------------------------------------  -----  ---------  --------  ----------  --------------  -------------------
/opt/airflow/dags/etl_medallion_dag.py                           0          -1  34.60s          2026-01-12T16:24:54
================================================================================
[2026-01-12T16:25:51.622+0000] {manager.py:878} INFO - 
================================================================================
DAG File Processing Stats

File Path                               PID    Runtime      # DAGs    # Errors  Last Runtime    Last Run
--------------------------------------  -----  ---------  --------  ----------  --------------  -------------------
/opt/airflow/dags/etl_medallion_dag.py                           1           0  19.56s          2026-01-12T16:25:45
================================================================================
[2026-01-12T16:26:21.750+0000] {manager.py:878} INFO - 
================================================================================
DAG File Processing Stats

File Path                                 PID  Runtime      # DAGs    # Errors  Last Runtime    Last Run
--------------------------------------  -----  ---------  --------  ----------  --------------  -------------------
/opt/airflow/dags/etl_medallion_dag.py    403  5.24s             1           0  19.56s          2026-01-12T16:25:45
================================================================================
[2026-01-12T16:26:53.547+0000] {manager.py:878} INFO - 
================================================================================
DAG File Processing Stats

File Path                                 PID  Runtime      # DAGs    # Errors  Last Runtime    Last Run
--------------------------------------  -----  ---------  --------  ----------  --------------  -------------------
/opt/airflow/dags/etl_medallion_dag.py    403  36.72s            1           0  19.56s          2026-01-12T16:25:45
================================================================================
[2026-01-12T16:27:06.627+0000] {manager.py:1203} ERROR - Processor for /opt/airflow/dags/etl_medallion_dag.py with PID 403 started at 2026-01-12T16:26:16.439512+00:00 has timed out, killing it.
[2026-01-12T16:27:24.786+0000] {manager.py:878} INFO - 
================================================================================
DAG File Processing Stats

File Path                               PID    Runtime      # DAGs    # Errors  Last Runtime    Last Run
--------------------------------------  -----  ---------  --------  ----------  --------------  -------------------
/opt/airflow/dags/etl_medallion_dag.py                           0           1  50.15s          2026-01-12T16:27:06
================================================================================
[2026-01-12T16:27:50.820+0000] {manager.py:737} INFO - Searching for files in /opt/airflow/dags
[2026-01-12T16:27:51.059+0000] {manager.py:740} INFO - There are 1 files in /opt/airflow/dags
[2026-01-12T16:27:55.184+0000] {manager.py:878} INFO - 
================================================================================
DAG File Processing Stats

File Path                                 PID  Runtime      # DAGs    # Errors  Last Runtime    Last Run
--------------------------------------  -----  ---------  --------  ----------  --------------  -------------------
/opt/airflow/dags/etl_medallion_dag.py    407  17.67s            0           1  50.15s          2026-01-12T16:27:06
================================================================================
[2026-01-12T16:29:50.358+0000] {manager.py:470} INFO - Processing files using up to 2 processes at a time 
[2026-01-12T16:29:50.372+0000] {manager.py:471} INFO - Process each file at most once every 30 seconds
[2026-01-12T16:29:50.376+0000] {manager.py:472} INFO - Checking for new files in /opt/airflow/dags every 300 seconds
[2026-01-12T16:29:50.383+0000] {manager.py:737} INFO - Searching for files in /opt/airflow/dags
[2026-01-12T16:29:50.576+0000] {manager.py:740} INFO - There are 1 files in /opt/airflow/dags
[2026-01-12T16:29:54.066+0000] {manager.py:878} INFO - 
================================================================================
DAG File Processing Stats

File Path                                 PID  Runtime      # DAGs    # Errors  Last Runtime    Last Run
--------------------------------------  -----  ---------  --------  ----------  --------------  ----------
/opt/airflow/dags/etl_medallion_dag.py    188  2.03s             0           0
================================================================================
[2026-01-12T16:30:24.446+0000] {manager.py:878} INFO - 
================================================================================
DAG File Processing Stats

File Path                               PID    Runtime      # DAGs    # Errors  Last Runtime    Last Run
--------------------------------------  -----  ---------  --------  ----------  --------------  -------------------
/opt/airflow/dags/etl_medallion_dag.py                           1           0  22.74s          2026-01-12T16:30:14
================================================================================
[2026-01-12T16:30:54.759+0000] {manager.py:878} INFO - 
================================================================================
DAG File Processing Stats

File Path                                 PID  Runtime      # DAGs    # Errors  Last Runtime    Last Run
--------------------------------------  -----  ---------  --------  ----------  --------------  -------------------
/opt/airflow/dags/etl_medallion_dag.py    194  8.97s             1           0  22.74s          2026-01-12T16:30:14
================================================================================
[2026-01-12T16:31:25.496+0000] {manager.py:878} INFO - 
================================================================================
DAG File Processing Stats

File Path                               PID    Runtime      # DAGs    # Errors  Last Runtime    Last Run
--------------------------------------  -----  ---------  --------  ----------  --------------  -------------------
/opt/airflow/dags/etl_medallion_dag.py                           1           0  26.74s          2026-01-12T16:31:12
================================================================================
[2026-01-12T16:31:55.703+0000] {manager.py:878} INFO - 
================================================================================
DAG File Processing Stats

File Path                                 PID  Runtime      # DAGs    # Errors  Last Runtime    Last Run
--------------------------------------  -----  ---------  --------  ----------  --------------  -------------------
/opt/airflow/dags/etl_medallion_dag.py    200  12.86s            1           0  26.74s          2026-01-12T16:31:12
================================================================================
[2026-01-12T16:32:26.255+0000] {manager.py:878} INFO - 
================================================================================
DAG File Processing Stats

File Path                               PID    Runtime      # DAGs    # Errors  Last Runtime    Last Run
--------------------------------------  -----  ---------  --------  ----------  --------------  -------------------
/opt/airflow/dags/etl_medallion_dag.py                           1           0  17.33s          2026-01-12T16:32:00
================================================================================
[2026-01-12T16:32:56.853+0000] {manager.py:878} INFO - 
================================================================================
DAG File Processing Stats

File Path                               PID    Runtime      # DAGs    # Errors  Last Runtime    Last Run
--------------------------------------  -----  ---------  --------  ----------  --------------  -------------------
/opt/airflow/dags/etl_medallion_dag.py                           1           0  15.31s          2026-01-12T16:32:45
================================================================================
[2026-01-12T16:33:27.420+0000] {manager.py:878} INFO - 
================================================================================
DAG File Processing Stats

File Path                                 PID  Runtime      # DAGs    # Errors  Last Runtime    Last Run
--------------------------------------  -----  ---------  --------  ----------  --------------  -------------------
/opt/airflow/dags/etl_medallion_dag.py    212  10.97s            1           0  15.31s          2026-01-12T16:32:45
================================================================================
[2026-01-12T16:33:57.488+0000] {manager.py:878} INFO - 
================================================================================
DAG File Processing Stats

File Path                               PID    Runtime      # DAGs    # Errors  Last Runtime    Last Run
--------------------------------------  -----  ---------  --------  ----------  --------------  -------------------
/opt/airflow/dags/etl_medallion_dag.py                           1           0  32.80s          2026-01-12T16:33:49
================================================================================
[2026-01-12T16:34:28.076+0000] {manager.py:878} INFO - 
================================================================================
DAG File Processing Stats

File Path                                 PID  Runtime      # DAGs    # Errors  Last Runtime    Last Run
--------------------------------------  -----  ---------  --------  ----------  --------------  -------------------
/opt/airflow/dags/etl_medallion_dag.py    218  7.63s             1           0  32.80s          2026-01-12T16:33:49
================================================================================
[2026-01-12T16:34:51.131+0000] {manager.py:737} INFO - Searching for files in /opt/airflow/dags
[2026-01-12T16:34:51.333+0000] {manager.py:740} INFO - There are 1 files in /opt/airflow/dags
[2026-01-12T16:34:52.206+0000] {manager.py:1016} ERROR - Processor for /opt/airflow/dags/etl_medallion_dag.py exited with return code 1.
[2026-01-12T16:34:58.491+0000] {manager.py:878} INFO - 
================================================================================
DAG File Processing Stats

File Path                               PID    Runtime      # DAGs    # Errors  Last Runtime    Last Run
--------------------------------------  -----  ---------  --------  ----------  --------------  -------------------
/opt/airflow/dags/etl_medallion_dag.py                           0          -1  31.78s          2026-01-12T16:34:52
================================================================================
[2026-01-12T16:35:28.726+0000] {manager.py:878} INFO - 
================================================================================
DAG File Processing Stats

File Path                                 PID  Runtime      # DAGs    # Errors  Last Runtime    Last Run
--------------------------------------  -----  ---------  --------  ----------  --------------  -------------------
/opt/airflow/dags/etl_medallion_dag.py    224  5.03s             0          -1  31.78s          2026-01-12T16:34:52
================================================================================
[2026-01-12T16:35:59.546+0000] {manager.py:878} INFO - 
================================================================================
DAG File Processing Stats

File Path                               PID    Runtime      # DAGs    # Errors  Last Runtime    Last Run
--------------------------------------  -----  ---------  --------  ----------  --------------  -------------------
/opt/airflow/dags/etl_medallion_dag.py                           1           0  30.96s          2026-01-12T16:35:54
================================================================================
[2026-01-12T16:36:30.026+0000] {manager.py:878} INFO - 
================================================================================
DAG File Processing Stats

File Path                                 PID  Runtime      # DAGs    # Errors  Last Runtime    Last Run
--------------------------------------  -----  ---------  --------  ----------  --------------  -------------------
/opt/airflow/dags/etl_medallion_dag.py    230  4.84s             1           0  30.96s          2026-01-12T16:35:54
================================================================================
[2026-01-12T16:37:01.002+0000] {manager.py:878} INFO - 
================================================================================
DAG File Processing Stats

File Path                                 PID  Runtime      # DAGs    # Errors  Last Runtime    Last Run
--------------------------------------  -----  ---------  --------  ----------  --------------  -------------------
/opt/airflow/dags/etl_medallion_dag.py    230  35.81s            1           0  30.96s          2026-01-12T16:35:54
================================================================================
[2026-01-12T16:37:31.558+0000] {manager.py:878} INFO - 
================================================================================
DAG File Processing Stats

File Path                               PID    Runtime      # DAGs    # Errors  Last Runtime    Last Run
--------------------------------------  -----  ---------  --------  ----------  --------------  -------------------
/opt/airflow/dags/etl_medallion_dag.py                           1           0  38.68s          2026-01-12T16:37:03
================================================================================
[2026-01-12T16:38:01.944+0000] {manager.py:878} INFO - 
================================================================================
DAG File Processing Stats

File Path                               PID    Runtime      # DAGs    # Errors  Last Runtime    Last Run
--------------------------------------  -----  ---------  --------  ----------  --------------  -------------------
/opt/airflow/dags/etl_medallion_dag.py                           1           0  12.16s          2026-01-12T16:37:46
================================================================================
[2026-01-12T16:38:32.310+0000] {manager.py:878} INFO - 
================================================================================
DAG File Processing Stats

File Path                                 PID  Runtime      # DAGs    # Errors  Last Runtime    Last Run
--------------------------------------  -----  ---------  --------  ----------  --------------  -------------------
/opt/airflow/dags/etl_medallion_dag.py    242  13.92s            1           0  12.16s          2026-01-12T16:37:46
================================================================================
[2026-01-12T16:38:50.139+0000] {manager.py:1016} ERROR - Processor for /opt/airflow/dags/etl_medallion_dag.py exited with return code 1.
[2026-01-12T16:39:02.656+0000] {manager.py:878} INFO - 
================================================================================
DAG File Processing Stats

File Path                               PID    Runtime      # DAGs    # Errors  Last Runtime    Last Run
--------------------------------------  -----  ---------  --------  ----------  --------------  -------------------
/opt/airflow/dags/etl_medallion_dag.py                           0          -1  31.96s          2026-01-12T16:38:50
================================================================================
[2026-01-12T16:39:33.795+0000] {manager.py:878} INFO - 
================================================================================
DAG File Processing Stats

File Path                                 PID  Runtime      # DAGs    # Errors  Last Runtime    Last Run
--------------------------------------  -----  ---------  --------  ----------  --------------  -------------------
/opt/airflow/dags/etl_medallion_dag.py    248  13.29s            0          -1  31.96s          2026-01-12T16:38:50
================================================================================
[2026-01-12T16:39:51.675+0000] {manager.py:737} INFO - Searching for files in /opt/airflow/dags
[2026-01-12T16:39:51.894+0000] {manager.py:740} INFO - There are 1 files in /opt/airflow/dags
[2026-01-12T16:40:04.311+0000] {manager.py:878} INFO - 
================================================================================
DAG File Processing Stats

File Path                               PID    Runtime      # DAGs    # Errors  Last Runtime    Last Run
--------------------------------------  -----  ---------  --------  ----------  --------------  -------------------
/opt/airflow/dags/etl_medallion_dag.py                           1           0  19.09s          2026-01-12T16:39:39
================================================================================
[2026-01-12T16:40:35.169+0000] {manager.py:878} INFO - 
================================================================================
DAG File Processing Stats

File Path                               PID    Runtime      # DAGs    # Errors  Last Runtime    Last Run
--------------------------------------  -----  ---------  --------  ----------  --------------  -------------------
/opt/airflow/dags/etl_medallion_dag.py                           1           0  10.42s          2026-01-12T16:40:20
================================================================================
[2026-01-12T16:41:05.644+0000] {manager.py:878} INFO - 
================================================================================
DAG File Processing Stats

File Path                               PID    Runtime      # DAGs    # Errors  Last Runtime    Last Run
--------------------------------------  -----  ---------  --------  ----------  --------------  -------------------
/opt/airflow/dags/etl_medallion_dag.py                           1           0  10.13s          2026-01-12T16:41:00
================================================================================
[2026-01-12T16:41:36.344+0000] {manager.py:878} INFO - 
================================================================================
DAG File Processing Stats

File Path                                 PID  Runtime      # DAGs    # Errors  Last Runtime    Last Run
--------------------------------------  -----  ---------  --------  ----------  --------------  -------------------
/opt/airflow/dags/etl_medallion_dag.py    266  5.14s             1           0  10.13s          2026-01-12T16:41:00
================================================================================
[2026-01-12T16:42:06.420+0000] {manager.py:878} INFO - 
================================================================================
DAG File Processing Stats

File Path                               PID    Runtime      # DAGs    # Errors  Last Runtime    Last Run
--------------------------------------  -----  ---------  --------  ----------  --------------  -------------------
/opt/airflow/dags/etl_medallion_dag.py                           1           0  10.86s          2026-01-12T16:41:42
================================================================================
[2026-01-12T16:42:36.751+0000] {manager.py:878} INFO - 
================================================================================
DAG File Processing Stats

File Path                               PID    Runtime      # DAGs    # Errors  Last Runtime    Last Run
--------------------------------------  -----  ---------  --------  ----------  --------------  -------------------
/opt/airflow/dags/etl_medallion_dag.py                           1           0  10.91s          2026-01-12T16:42:23
================================================================================
[2026-01-12T16:43:07.456+0000] {manager.py:878} INFO - 
================================================================================
DAG File Processing Stats

File Path                               PID    Runtime      # DAGs    # Errors  Last Runtime    Last Run
--------------------------------------  -----  ---------  --------  ----------  --------------  -------------------
/opt/airflow/dags/etl_medallion_dag.py                           1           0  11.10s          2026-01-12T16:43:05
================================================================================
[2026-01-12T16:43:37.518+0000] {manager.py:878} INFO - 
================================================================================
DAG File Processing Stats

File Path                                 PID  Runtime      # DAGs    # Errors  Last Runtime    Last Run
--------------------------------------  -----  ---------  --------  ----------  --------------  -------------------
/opt/airflow/dags/etl_medallion_dag.py    315  1.43s             1           0  11.10s          2026-01-12T16:43:05
================================================================================
[2026-01-12T16:44:07.944+0000] {manager.py:878} INFO - 
================================================================================
DAG File Processing Stats

File Path                               PID    Runtime      # DAGs    # Errors  Last Runtime    Last Run
--------------------------------------  -----  ---------  --------  ----------  --------------  -------------------
/opt/airflow/dags/etl_medallion_dag.py                           1           0  18.73s          2026-01-12T16:43:54
================================================================================
[2026-01-12T16:44:38.622+0000] {manager.py:878} INFO - 
================================================================================
DAG File Processing Stats

File Path                               PID    Runtime      # DAGs    # Errors  Last Runtime    Last Run
--------------------------------------  -----  ---------  --------  ----------  --------------  -------------------
/opt/airflow/dags/etl_medallion_dag.py                           1           0  12.14s          2026-01-12T16:44:37
================================================================================
[2026-01-12T16:44:51.800+0000] {manager.py:737} INFO - Searching for files in /opt/airflow/dags
[2026-01-12T16:44:52.015+0000] {manager.py:740} INFO - There are 1 files in /opt/airflow/dags
[2026-01-12T16:45:08.670+0000] {manager.py:878} INFO - 
================================================================================
DAG File Processing Stats

File Path                                 PID  Runtime      # DAGs    # Errors  Last Runtime    Last Run
--------------------------------------  -----  ---------  --------  ----------  --------------  -------------------
/opt/airflow/dags/etl_medallion_dag.py    327  0.18s             1           0  12.14s          2026-01-12T16:44:37
================================================================================
[2026-01-12T16:45:38.791+0000] {manager.py:878} INFO - 
================================================================================
DAG File Processing Stats

File Path                               PID    Runtime      # DAGs    # Errors  Last Runtime    Last Run
--------------------------------------  -----  ---------  --------  ----------  --------------  -------------------
/opt/airflow/dags/etl_medallion_dag.py                           1           0  13.03s          2026-01-12T16:45:21
================================================================================
[2026-01-12T16:46:08.952+0000] {manager.py:878} INFO - 
================================================================================
DAG File Processing Stats

File Path                               PID    Runtime      # DAGs    # Errors  Last Runtime    Last Run
--------------------------------------  -----  ---------  --------  ----------  --------------  -------------------
/opt/airflow/dags/etl_medallion_dag.py                           1           0  12.63s          2026-01-12T16:46:04
================================================================================
[2026-01-12T16:46:39.648+0000] {manager.py:878} INFO - 
================================================================================
DAG File Processing Stats

File Path                                 PID  Runtime      # DAGs    # Errors  Last Runtime    Last Run
--------------------------------------  -----  ---------  --------  ----------  --------------  -------------------
/opt/airflow/dags/etl_medallion_dag.py    339  4.38s             1           0  12.63s          2026-01-12T16:46:04
================================================================================
[2026-01-12T16:47:10.322+0000] {manager.py:878} INFO - 
================================================================================
DAG File Processing Stats

File Path                               PID    Runtime      # DAGs    # Errors  Last Runtime    Last Run
--------------------------------------  -----  ---------  --------  ----------  --------------  -------------------
/opt/airflow/dags/etl_medallion_dag.py                           1           0  13.08s          2026-01-12T16:46:48
================================================================================
[2026-01-12T16:47:41.114+0000] {manager.py:878} INFO - 
================================================================================
DAG File Processing Stats

File Path                               PID    Runtime      # DAGs    # Errors  Last Runtime    Last Run
--------------------------------------  -----  ---------  --------  ----------  --------------  -------------------
/opt/airflow/dags/etl_medallion_dag.py                           1           0  12.13s          2026-01-12T16:47:30
================================================================================
[2026-01-12T16:48:11.439+0000] {manager.py:878} INFO - 
================================================================================
DAG File Processing Stats

File Path                                 PID  Runtime      # DAGs    # Errors  Last Runtime    Last Run
--------------------------------------  -----  ---------  --------  ----------  --------------  -------------------
/opt/airflow/dags/etl_medallion_dag.py    401  9.49s             1           0  12.13s          2026-01-12T16:47:30
================================================================================
[2026-01-12T16:48:42.259+0000] {manager.py:878} INFO - 
================================================================================
DAG File Processing Stats

File Path                               PID    Runtime      # DAGs    # Errors  Last Runtime    Last Run
--------------------------------------  -----  ---------  --------  ----------  --------------  -------------------
/opt/airflow/dags/etl_medallion_dag.py                           1           0  21.81s          2026-01-12T16:48:23
================================================================================
[2026-01-12T16:49:12.609+0000] {manager.py:878} INFO - 
================================================================================
DAG File Processing Stats

File Path                                 PID  Runtime      # DAGs    # Errors  Last Runtime    Last Run
--------------------------------------  -----  ---------  --------  ----------  --------------  -------------------
/opt/airflow/dags/etl_medallion_dag.py    407  17.68s            1           0  21.81s          2026-01-12T16:48:23
================================================================================
[2026-01-12T16:49:43.005+0000] {manager.py:878} INFO - 
================================================================================
DAG File Processing Stats

File Path                               PID    Runtime      # DAGs    # Errors  Last Runtime    Last Run
--------------------------------------  -----  ---------  --------  ----------  --------------  -------------------
/opt/airflow/dags/etl_medallion_dag.py                           1           0  18.67s          2026-01-12T16:49:13
================================================================================
[2026-01-12T16:49:52.345+0000] {manager.py:737} INFO - Searching for files in /opt/airflow/dags
[2026-01-12T16:49:52.605+0000] {manager.py:740} INFO - There are 1 files in /opt/airflow/dags
[2026-01-12T16:50:13.168+0000] {manager.py:878} INFO - 
================================================================================
DAG File Processing Stats

File Path                               PID    Runtime      # DAGs    # Errors  Last Runtime    Last Run
--------------------------------------  -----  ---------  --------  ----------  --------------  -------------------
/opt/airflow/dags/etl_medallion_dag.py                           1           0  12.66s          2026-01-12T16:49:56
================================================================================
[2026-01-12T16:50:43.597+0000] {manager.py:878} INFO - 
================================================================================
DAG File Processing Stats

File Path                                 PID  Runtime      # DAGs    # Errors  Last Runtime    Last Run
--------------------------------------  -----  ---------  --------  ----------  --------------  -------------------
/opt/airflow/dags/etl_medallion_dag.py    419  15.61s            1           0  12.66s          2026-01-12T16:49:56
================================================================================
[2026-01-12T16:51:14.288+0000] {manager.py:878} INFO - 
================================================================================
DAG File Processing Stats

File Path                               PID    Runtime      # DAGs    # Errors  Last Runtime    Last Run
--------------------------------------  -----  ---------  --------  ----------  --------------  -------------------
/opt/airflow/dags/etl_medallion_dag.py                           1           0  19.85s          2026-01-12T16:50:47
================================================================================
[2026-01-12T16:51:44.343+0000] {manager.py:878} INFO - 
================================================================================
DAG File Processing Stats

File Path                               PID    Runtime      # DAGs    # Errors  Last Runtime    Last Run
--------------------------------------  -----  ---------  --------  ----------  --------------  -------------------
/opt/airflow/dags/etl_medallion_dag.py                           1           0  14.71s          2026-01-12T16:51:33
================================================================================
[2026-01-12T16:52:14.863+0000] {manager.py:878} INFO - 
================================================================================
DAG File Processing Stats

File Path                                 PID  Runtime      # DAGs    # Errors  Last Runtime    Last Run
--------------------------------------  -----  ---------  --------  ----------  --------------  -------------------
/opt/airflow/dags/etl_medallion_dag.py    432  10.56s            1           0  14.71s          2026-01-12T16:51:33
================================================================================
[2026-01-12T16:52:45.135+0000] {manager.py:878} INFO - 
================================================================================
DAG File Processing Stats

File Path                               PID    Runtime      # DAGs    # Errors  Last Runtime    Last Run
--------------------------------------  -----  ---------  --------  ----------  --------------  -------------------
/opt/airflow/dags/etl_medallion_dag.py                           1           0  20.68s          2026-01-12T16:52:24
================================================================================
[2026-01-12T16:53:15.454+0000] {manager.py:878} INFO - 
================================================================================
DAG File Processing Stats

File Path                                 PID  Runtime      # DAGs    # Errors  Last Runtime    Last Run
--------------------------------------  -----  ---------  --------  ----------  --------------  -------------------
/opt/airflow/dags/etl_medallion_dag.py    459  19.92s            1           0  20.68s          2026-01-12T16:52:24
================================================================================
[2026-01-12T16:53:45.606+0000] {manager.py:878} INFO - 
================================================================================
DAG File Processing Stats

File Path                               PID    Runtime      # DAGs    # Errors  Last Runtime    Last Run
--------------------------------------  -----  ---------  --------  ----------  --------------  -------------------
/opt/airflow/dags/etl_medallion_dag.py                           1           0  28.81s          2026-01-12T16:53:24
================================================================================
[2026-01-12T16:54:16.073+0000] {manager.py:878} INFO - 
================================================================================
DAG File Processing Stats

File Path                               PID    Runtime      # DAGs    # Errors  Last Runtime    Last Run
--------------------------------------  -----  ---------  --------  ----------  --------------  -------------------
/opt/airflow/dags/etl_medallion_dag.py                           1           0  20.01s          2026-01-12T16:54:15
================================================================================
[2026-01-12T16:54:46.248+0000] {manager.py:878} INFO - 
================================================================================
DAG File Processing Stats

File Path                                 PID  Runtime      # DAGs    # Errors  Last Runtime    Last Run
--------------------------------------  -----  ---------  --------  ----------  --------------  -------------------
/opt/airflow/dags/etl_medallion_dag.py    471  0.23s             1           0  20.01s          2026-01-12T16:54:15
================================================================================
[2026-01-12T16:54:52.463+0000] {manager.py:737} INFO - Searching for files in /opt/airflow/dags
[2026-01-12T16:54:52.799+0000] {manager.py:740} INFO - There are 1 files in /opt/airflow/dags
[2026-01-12T16:55:17.222+0000] {manager.py:878} INFO - 
================================================================================
DAG File Processing Stats

File Path                                 PID  Runtime      # DAGs    # Errors  Last Runtime    Last Run
--------------------------------------  -----  ---------  --------  ----------  --------------  -------------------
/opt/airflow/dags/etl_medallion_dag.py    471  30.91s            1           0  20.01s          2026-01-12T16:54:15
================================================================================
[2026-01-12T16:55:19.581+0000] {manager.py:1016} ERROR - Processor for /opt/airflow/dags/etl_medallion_dag.py exited with return code 1.
[2026-01-12T16:55:47.724+0000] {manager.py:878} INFO - 
================================================================================
DAG File Processing Stats

File Path                               PID    Runtime      # DAGs    # Errors  Last Runtime    Last Run
--------------------------------------  -----  ---------  --------  ----------  --------------  -------------------
/opt/airflow/dags/etl_medallion_dag.py                           0          -1  33.50s          2026-01-12T16:55:19
================================================================================
[2026-01-12T16:56:18.030+0000] {manager.py:878} INFO - 
================================================================================
DAG File Processing Stats

File Path                               PID    Runtime      # DAGs    # Errors  Last Runtime    Last Run
--------------------------------------  -----  ---------  --------  ----------  --------------  -------------------
/opt/airflow/dags/etl_medallion_dag.py                           1           0  23.89s          2026-01-12T16:56:13
================================================================================
[2026-01-12T16:56:48.870+0000] {manager.py:878} INFO - 
================================================================================
DAG File Processing Stats

File Path                                 PID  Runtime      # DAGs    # Errors  Last Runtime    Last Run
--------------------------------------  -----  ---------  --------  ----------  --------------  -------------------
/opt/airflow/dags/etl_medallion_dag.py    501  4.25s             1           0  23.89s          2026-01-12T16:56:13
================================================================================
[2026-01-12T16:57:19.049+0000] {manager.py:878} INFO - 
================================================================================
DAG File Processing Stats

File Path                               PID    Runtime      # DAGs    # Errors  Last Runtime    Last Run
--------------------------------------  -----  ---------  --------  ----------  --------------  -------------------
/opt/airflow/dags/etl_medallion_dag.py                           1           0  11.09s          2026-01-12T16:56:55
================================================================================
[2026-01-12T16:57:50.094+0000] {manager.py:878} INFO - 
================================================================================
DAG File Processing Stats

File Path                               PID    Runtime      # DAGs    # Errors  Last Runtime    Last Run
--------------------------------------  -----  ---------  --------  ----------  --------------  -------------------
/opt/airflow/dags/etl_medallion_dag.py                           1           0  11.38s          2026-01-12T16:57:37
================================================================================
[2026-01-12T16:58:20.747+0000] {manager.py:878} INFO - 
================================================================================
DAG File Processing Stats

File Path                               PID    Runtime      # DAGs    # Errors  Last Runtime    Last Run
--------------------------------------  -----  ---------  --------  ----------  --------------  -------------------
/opt/airflow/dags/etl_medallion_dag.py                           1           0  11.22s          2026-01-12T16:58:19
================================================================================
[2026-01-12T16:58:51.447+0000] {manager.py:878} INFO - 
================================================================================
DAG File Processing Stats

File Path                                 PID  Runtime      # DAGs    # Errors  Last Runtime    Last Run
--------------------------------------  -----  ---------  --------  ----------  --------------  -------------------
/opt/airflow/dags/etl_medallion_dag.py    555  1.18s             1           0  11.22s          2026-01-12T16:58:19
================================================================================
[2026-01-12T16:59:22.016+0000] {manager.py:878} INFO - 
================================================================================
DAG File Processing Stats

File Path                               PID    Runtime      # DAGs    # Errors  Last Runtime    Last Run
--------------------------------------  -----  ---------  --------  ----------  --------------  -------------------
/opt/airflow/dags/etl_medallion_dag.py                           1           0  15.69s          2026-01-12T16:59:05
================================================================================
[2026-01-12T16:59:52.296+0000] {manager.py:878} INFO - 
================================================================================
DAG File Processing Stats

File Path                               PID    Runtime      # DAGs    # Errors  Last Runtime    Last Run
--------------------------------------  -----  ---------  --------  ----------  --------------  -------------------
/opt/airflow/dags/etl_medallion_dag.py                           1           0  15.88s          2026-01-12T16:59:52
================================================================================
[2026-01-12T16:59:52.903+0000] {manager.py:737} INFO - Searching for files in /opt/airflow/dags
[2026-01-12T16:59:53.094+0000] {manager.py:740} INFO - There are 1 files in /opt/airflow/dags
[2026-01-12T17:00:22.889+0000] {manager.py:878} INFO - 
================================================================================
DAG File Processing Stats

File Path                                 PID  Runtime      # DAGs    # Errors  Last Runtime    Last Run
--------------------------------------  -----  ---------  --------  ----------  --------------  -------------------
/opt/airflow/dags/etl_medallion_dag.py    596  0.13s             1           0  15.88s          2026-01-12T16:59:52
================================================================================
[2026-01-12T17:00:53.203+0000] {manager.py:878} INFO - 
================================================================================
DAG File Processing Stats

File Path                               PID    Runtime      # DAGs    # Errors  Last Runtime    Last Run
--------------------------------------  -----  ---------  --------  ----------  --------------  -------------------
/opt/airflow/dags/etl_medallion_dag.py                           1           0  5.97s           2026-01-12T17:00:28
================================================================================
[2026-01-12T17:01:23.961+0000] {manager.py:878} INFO - 
================================================================================
DAG File Processing Stats

File Path                               PID    Runtime      # DAGs    # Errors  Last Runtime    Last Run
--------------------------------------  -----  ---------  --------  ----------  --------------  -------------------
/opt/airflow/dags/etl_medallion_dag.py                           1           0  8.24s           2026-01-12T17:01:07
================================================================================
[2026-01-12T17:01:54.195+0000] {manager.py:878} INFO - 
================================================================================
DAG File Processing Stats

File Path                               PID    Runtime      # DAGs    # Errors  Last Runtime    Last Run
--------------------------------------  -----  ---------  --------  ----------  --------------  -------------------
/opt/airflow/dags/etl_medallion_dag.py                           1           0  9.70s           2026-01-12T17:01:48
================================================================================
[2026-01-12T17:02:25.000+0000] {manager.py:878} INFO - 
================================================================================
DAG File Processing Stats

File Path                                 PID  Runtime      # DAGs    # Errors  Last Runtime    Last Run
--------------------------------------  -----  ---------  --------  ----------  --------------  -------------------
/opt/airflow/dags/etl_medallion_dag.py   1060  6.31s             1           0  9.70s           2026-01-12T17:01:48
================================================================================
[2026-01-12T17:02:55.597+0000] {manager.py:878} INFO - 
================================================================================
DAG File Processing Stats

File Path                               PID    Runtime      # DAGs    # Errors  Last Runtime    Last Run
--------------------------------------  -----  ---------  --------  ----------  --------------  -------------------
/opt/airflow/dags/etl_medallion_dag.py                           1           0  11.43s          2026-01-12T17:02:30
================================================================================
[2026-01-12T17:03:25.791+0000] {manager.py:878} INFO - 
================================================================================
DAG File Processing Stats

File Path                               PID    Runtime      # DAGs    # Errors  Last Runtime    Last Run
--------------------------------------  -----  ---------  --------  ----------  --------------  -------------------
/opt/airflow/dags/etl_medallion_dag.py                           1           0  11.60s          2026-01-12T17:03:12
================================================================================
[2026-01-12T17:03:55.932+0000] {manager.py:878} INFO - 
================================================================================
DAG File Processing Stats

File Path                               PID    Runtime      # DAGs    # Errors  Last Runtime    Last Run
--------------------------------------  -----  ---------  --------  ----------  --------------  -------------------
/opt/airflow/dags/etl_medallion_dag.py                           1           0  13.07s          2026-01-12T17:03:55
================================================================================
[2026-01-12T17:04:26.259+0000] {manager.py:878} INFO - 
================================================================================
DAG File Processing Stats

File Path                                 PID  Runtime      # DAGs    # Errors  Last Runtime    Last Run
--------------------------------------  -----  ---------  --------  ----------  --------------  -------------------
/opt/airflow/dags/etl_medallion_dag.py   2144  0.07s             1           0  13.07s          2026-01-12T17:03:55
================================================================================
[2026-01-12T17:04:53.523+0000] {manager.py:737} INFO - Searching for files in /opt/airflow/dags
[2026-01-12T17:04:53.818+0000] {manager.py:740} INFO - There are 1 files in /opt/airflow/dags
[2026-01-12T17:04:57.074+0000] {manager.py:878} INFO - 
================================================================================
DAG File Processing Stats

File Path                               PID    Runtime      # DAGs    # Errors  Last Runtime    Last Run
--------------------------------------  -----  ---------  --------  ----------  --------------  -------------------
/opt/airflow/dags/etl_medallion_dag.py                           1           0  12.12s          2026-01-12T17:04:38
================================================================================
[2026-01-12T17:05:27.853+0000] {manager.py:878} INFO - 
================================================================================
DAG File Processing Stats

File Path                               PID    Runtime      # DAGs    # Errors  Last Runtime    Last Run
--------------------------------------  -----  ---------  --------  ----------  --------------  -------------------
/opt/airflow/dags/etl_medallion_dag.py                           1           0  13.59s          2026-01-12T17:05:22
================================================================================
[2026-01-12T17:05:58.047+0000] {manager.py:878} INFO - 
================================================================================
DAG File Processing Stats

File Path                                 PID  Runtime      # DAGs    # Errors  Last Runtime    Last Run
--------------------------------------  -----  ---------  --------  ----------  --------------  -------------------
/opt/airflow/dags/etl_medallion_dag.py   2156  4.56s             1           0  13.59s          2026-01-12T17:05:22
================================================================================
[2026-01-12T17:06:28.461+0000] {manager.py:878} INFO - 
================================================================================
DAG File Processing Stats

File Path                               PID    Runtime      # DAGs    # Errors  Last Runtime    Last Run
--------------------------------------  -----  ---------  --------  ----------  --------------  -------------------
/opt/airflow/dags/etl_medallion_dag.py                           1           0  10.99s          2026-01-12T17:06:04
================================================================================
[2026-01-12T17:06:59.204+0000] {manager.py:878} INFO - 
================================================================================
DAG File Processing Stats

File Path                               PID    Runtime      # DAGs    # Errors  Last Runtime    Last Run
--------------------------------------  -----  ---------  --------  ----------  --------------  -------------------
/opt/airflow/dags/etl_medallion_dag.py                           1           0  9.46s           2026-01-12T17:06:44
================================================================================
[2026-01-12T17:07:29.363+0000] {manager.py:878} INFO - 
================================================================================
DAG File Processing Stats

File Path                               PID    Runtime      # DAGs    # Errors  Last Runtime    Last Run
--------------------------------------  -----  ---------  --------  ----------  --------------  -------------------
/opt/airflow/dags/etl_medallion_dag.py                           1           0  11.62s          2026-01-12T17:07:26
================================================================================
[2026-01-12T17:07:59.855+0000] {manager.py:878} INFO - 
================================================================================
DAG File Processing Stats

File Path                                 PID  Runtime      # DAGs    # Errors  Last Runtime    Last Run
--------------------------------------  -----  ---------  --------  ----------  --------------  -------------------
/opt/airflow/dags/etl_medallion_dag.py   2174  3.24s             1           0  11.62s          2026-01-12T17:07:26
================================================================================
[2026-01-12T17:08:30.444+0000] {manager.py:878} INFO - 
================================================================================
DAG File Processing Stats

File Path                               PID    Runtime      # DAGs    # Errors  Last Runtime    Last Run
--------------------------------------  -----  ---------  --------  ----------  --------------  -------------------
/opt/airflow/dags/etl_medallion_dag.py                           1           0  12.36s          2026-01-12T17:08:08
================================================================================
[2026-01-12T17:09:01.263+0000] {manager.py:878} INFO - 
================================================================================
DAG File Processing Stats

File Path                               PID    Runtime      # DAGs    # Errors  Last Runtime    Last Run
--------------------------------------  -----  ---------  --------  ----------  --------------  -------------------
/opt/airflow/dags/etl_medallion_dag.py                           1           0  16.37s          2026-01-12T17:08:56
================================================================================
[2026-01-12T17:09:31.800+0000] {manager.py:878} INFO - 
================================================================================
DAG File Processing Stats

File Path                                 PID  Runtime      # DAGs    # Errors  Last Runtime    Last Run
--------------------------------------  -----  ---------  --------  ----------  --------------  -------------------
/opt/airflow/dags/etl_medallion_dag.py   2186  5.15s             1           0  16.37s          2026-01-12T17:08:56
================================================================================
[2026-01-12T17:09:53.869+0000] {manager.py:737} INFO - Searching for files in /opt/airflow/dags
[2026-01-12T17:09:53.994+0000] {manager.py:740} INFO - There are 1 files in /opt/airflow/dags
[2026-01-12T17:10:02.220+0000] {manager.py:878} INFO - 
================================================================================
DAG File Processing Stats

File Path                               PID    Runtime      # DAGs    # Errors  Last Runtime    Last Run
--------------------------------------  -----  ---------  --------  ----------  --------------  -------------------
/opt/airflow/dags/etl_medallion_dag.py                           1           0  7.04s           2026-01-12T17:09:33
================================================================================
[2026-01-12T17:10:32.870+0000] {manager.py:878} INFO - 
================================================================================
DAG File Processing Stats

File Path                               PID    Runtime      # DAGs    # Errors  Last Runtime    Last Run
--------------------------------------  -----  ---------  --------  ----------  --------------  -------------------
/opt/airflow/dags/etl_medallion_dag.py                           1           0  8.53s           2026-01-12T17:10:12
================================================================================
[2026-01-12T17:11:03.410+0000] {manager.py:878} INFO - 
================================================================================
DAG File Processing Stats

File Path                               PID    Runtime      # DAGs    # Errors  Last Runtime    Last Run
--------------------------------------  -----  ---------  --------  ----------  --------------  -------------------
/opt/airflow/dags/etl_medallion_dag.py                           1           0  6.06s           2026-01-12T17:10:49
================================================================================
[2026-01-12T17:11:33.595+0000] {manager.py:878} INFO - 
================================================================================
DAG File Processing Stats

File Path                                 PID  Runtime      # DAGs    # Errors  Last Runtime    Last Run
--------------------------------------  -----  ---------  --------  ----------  --------------  -------------------
/opt/airflow/dags/etl_medallion_dag.py   2204  13.80s            1           0  6.06s           2026-01-12T17:10:49
================================================================================
[2026-01-12T17:12:04.056+0000] {manager.py:878} INFO - 
================================================================================
DAG File Processing Stats

File Path                               PID    Runtime      # DAGs    # Errors  Last Runtime    Last Run
--------------------------------------  -----  ---------  --------  ----------  --------------  -------------------
/opt/airflow/dags/etl_medallion_dag.py                           1           0  16.27s          2026-01-12T17:11:36
================================================================================
[2026-01-12T17:12:34.127+0000] {manager.py:878} INFO - 
================================================================================
DAG File Processing Stats

File Path                               PID    Runtime      # DAGs    # Errors  Last Runtime    Last Run
--------------------------------------  -----  ---------  --------  ----------  --------------  -------------------
/opt/airflow/dags/etl_medallion_dag.py                           1           0  11.31s          2026-01-12T17:12:17
================================================================================
[2026-01-12T17:13:05.231+0000] {manager.py:878} INFO - 
================================================================================
DAG File Processing Stats

File Path                                 PID  Runtime      # DAGs    # Errors  Last Runtime    Last Run
--------------------------------------  -----  ---------  --------  ----------  --------------  -------------------
/opt/airflow/dags/etl_medallion_dag.py   2216  16.20s            1           0  11.31s          2026-01-12T17:12:17
================================================================================
[2026-01-12T17:13:35.720+0000] {manager.py:878} INFO - 
================================================================================
DAG File Processing Stats

File Path                               PID    Runtime      # DAGs    # Errors  Last Runtime    Last Run
--------------------------------------  -----  ---------  --------  ----------  --------------  -------------------
/opt/airflow/dags/etl_medallion_dag.py                           1           0  24.37s          2026-01-12T17:13:13
================================================================================
[2026-01-12T17:14:06.478+0000] {manager.py:878} INFO - 
================================================================================
DAG File Processing Stats

File Path                               PID    Runtime      # DAGs    # Errors  Last Runtime    Last Run
--------------------------------------  -----  ---------  --------  ----------  --------------  -------------------
/opt/airflow/dags/etl_medallion_dag.py                           1           0  8.44s           2026-01-12T17:13:52
================================================================================
[2026-01-12T17:14:36.526+0000] {manager.py:878} INFO - 
================================================================================
DAG File Processing Stats

File Path                               PID    Runtime      # DAGs    # Errors  Last Runtime    Last Run
--------------------------------------  -----  ---------  --------  ----------  --------------  -------------------
/opt/airflow/dags/etl_medallion_dag.py                           1           0  8.60s           2026-01-12T17:14:31
================================================================================
[2026-01-12T17:14:54.293+0000] {manager.py:737} INFO - Searching for files in /opt/airflow/dags
[2026-01-12T17:14:54.522+0000] {manager.py:740} INFO - There are 1 files in /opt/airflow/dags
[2026-01-12T17:15:07.016+0000] {manager.py:878} INFO - 
================================================================================
DAG File Processing Stats

File Path                                 PID  Runtime      # DAGs    # Errors  Last Runtime    Last Run
--------------------------------------  -----  ---------  --------  ----------  --------------  -------------------
/opt/airflow/dags/etl_medallion_dag.py   2234  5.18s             1           0  8.60s           2026-01-12T17:14:31
================================================================================
[2026-01-12T17:15:37.332+0000] {manager.py:878} INFO - 
================================================================================
DAG File Processing Stats

File Path                               PID    Runtime      # DAGs    # Errors  Last Runtime    Last Run
--------------------------------------  -----  ---------  --------  ----------  --------------  -------------------
/opt/airflow/dags/etl_medallion_dag.py                           1           0  8.60s           2026-01-12T17:15:10
================================================================================
[2026-01-12T17:16:07.706+0000] {manager.py:878} INFO - 
================================================================================
DAG File Processing Stats

File Path                               PID    Runtime      # DAGs    # Errors  Last Runtime    Last Run
--------------------------------------  -----  ---------  --------  ----------  --------------  -------------------
/opt/airflow/dags/etl_medallion_dag.py                           1           0  12.25s          2026-01-12T17:15:53
================================================================================
[2026-01-12T17:16:37.812+0000] {manager.py:878} INFO - 
================================================================================
DAG File Processing Stats

File Path                               PID    Runtime      # DAGs    # Errors  Last Runtime    Last Run
--------------------------------------  -----  ---------  --------  ----------  --------------  -------------------
/opt/airflow/dags/etl_medallion_dag.py                           1           0  9.22s           2026-01-12T17:16:32
================================================================================
[2026-01-12T17:17:08.533+0000] {manager.py:878} INFO - 
================================================================================
DAG File Processing Stats

File Path                                 PID  Runtime      # DAGs    # Errors  Last Runtime    Last Run
--------------------------------------  -----  ---------  --------  ----------  --------------  -------------------
/opt/airflow/dags/etl_medallion_dag.py   2252  5.20s             1           0  9.22s           2026-01-12T17:16:32
================================================================================
[2026-01-12T17:17:38.525+0000] {manager.py:878} INFO - 
================================================================================
DAG File Processing Stats

File Path                               PID    Runtime      # DAGs    # Errors  Last Runtime    Last Run
--------------------------------------  -----  ---------  --------  ----------  --------------  -------------------
/opt/airflow/dags/etl_medallion_dag.py                           1           0  8.94s           2026-01-12T17:17:12
================================================================================
[2026-01-12T17:18:08.934+0000] {manager.py:878} INFO - 
================================================================================
DAG File Processing Stats

File Path                               PID    Runtime      # DAGs    # Errors  Last Runtime    Last Run
--------------------------------------  -----  ---------  --------  ----------  --------------  -------------------
/opt/airflow/dags/etl_medallion_dag.py                           1           0  6.01s           2026-01-12T17:17:48
================================================================================
[2026-01-12T17:18:39.233+0000] {manager.py:878} INFO - 
================================================================================
DAG File Processing Stats

File Path                               PID    Runtime      # DAGs    # Errors  Last Runtime    Last Run
--------------------------------------  -----  ---------  --------  ----------  --------------  -------------------
/opt/airflow/dags/etl_medallion_dag.py                           1           0  7.94s           2026-01-12T17:18:27
================================================================================
[2026-01-12T17:19:09.635+0000] {manager.py:878} INFO - 
================================================================================
DAG File Processing Stats

File Path                                 PID  Runtime      # DAGs    # Errors  Last Runtime    Last Run
--------------------------------------  -----  ---------  --------  ----------  --------------  -------------------
/opt/airflow/dags/etl_medallion_dag.py   2270  11.50s            1           0  7.94s           2026-01-12T17:18:27
================================================================================
[2026-01-12T17:19:39.943+0000] {manager.py:878} INFO - 
================================================================================
DAG File Processing Stats

File Path                               PID    Runtime      # DAGs    # Errors  Last Runtime    Last Run
--------------------------------------  -----  ---------  --------  ----------  --------------  -------------------
/opt/airflow/dags/etl_medallion_dag.py                           1           0  12.35s          2026-01-12T17:19:10
================================================================================
[2026-01-12T17:19:54.415+0000] {manager.py:737} INFO - Searching for files in /opt/airflow/dags
[2026-01-12T17:19:54.574+0000] {manager.py:740} INFO - There are 1 files in /opt/airflow/dags
[2026-01-12T17:20:10.908+0000] {manager.py:878} INFO - 
================================================================================
DAG File Processing Stats

File Path                               PID    Runtime      # DAGs    # Errors  Last Runtime    Last Run
--------------------------------------  -----  ---------  --------  ----------  --------------  -------------------
/opt/airflow/dags/etl_medallion_dag.py                           1           0  11.27s          2026-01-12T17:19:52
================================================================================
[2026-01-12T17:20:41.105+0000] {manager.py:878} INFO - 
================================================================================
DAG File Processing Stats

File Path                               PID    Runtime      # DAGs    # Errors  Last Runtime    Last Run
--------------------------------------  -----  ---------  --------  ----------  --------------  -------------------
/opt/airflow/dags/etl_medallion_dag.py                           1           0  6.85s           2026-01-12T17:20:30
================================================================================
[2026-01-12T17:21:11.229+0000] {manager.py:878} INFO - 
================================================================================
DAG File Processing Stats

File Path                               PID    Runtime      # DAGs    # Errors  Last Runtime    Last Run
--------------------------------------  -----  ---------  --------  ----------  --------------  -------------------
/opt/airflow/dags/etl_medallion_dag.py                           1           0  7.71s           2026-01-12T17:21:08
================================================================================
[2026-01-12T17:21:42.014+0000] {manager.py:878} INFO - 
================================================================================
DAG File Processing Stats

File Path                               PID    Runtime      # DAGs    # Errors  Last Runtime    Last Run
--------------------------------------  -----  ---------  --------  ----------  --------------  -------------------
/opt/airflow/dags/etl_medallion_dag.py                           1           0  1.64s           2026-01-12T17:21:40
================================================================================
[2026-01-12T17:22:12.416+0000] {manager.py:878} INFO - 
================================================================================
DAG File Processing Stats

File Path                                 PID  Runtime      # DAGs    # Errors  Last Runtime    Last Run
--------------------------------------  -----  ---------  --------  ----------  --------------  -------------------
/opt/airflow/dags/etl_medallion_dag.py   2300  2.09s             1           0  1.64s           2026-01-12T17:21:40
================================================================================
[2026-01-12T17:22:43.045+0000] {manager.py:878} INFO - 
================================================================================
DAG File Processing Stats

File Path                               PID    Runtime      # DAGs    # Errors  Last Runtime    Last Run
--------------------------------------  -----  ---------  --------  ----------  --------------  -------------------
/opt/airflow/dags/etl_medallion_dag.py                           1           0  4.54s           2026-01-12T17:22:14
================================================================================
[2026-01-12T17:23:13.153+0000] {manager.py:878} INFO - 
================================================================================
DAG File Processing Stats

File Path                               PID    Runtime      # DAGs    # Errors  Last Runtime    Last Run
--------------------------------------  -----  ---------  --------  ----------  --------------  -------------------
/opt/airflow/dags/etl_medallion_dag.py                           1           0  9.84s           2026-01-12T17:22:55
================================================================================
[2026-01-12T17:23:43.611+0000] {manager.py:878} INFO - 
================================================================================
DAG File Processing Stats

File Path                               PID    Runtime      # DAGs    # Errors  Last Runtime    Last Run
--------------------------------------  -----  ---------  --------  ----------  --------------  -------------------
/opt/airflow/dags/etl_medallion_dag.py                           1           0  7.07s           2026-01-12T17:23:32
================================================================================
[2026-01-12T17:24:14.010+0000] {manager.py:878} INFO - 
================================================================================
DAG File Processing Stats

File Path                               PID    Runtime      # DAGs    # Errors  Last Runtime    Last Run
--------------------------------------  -----  ---------  --------  ----------  --------------  -------------------
/opt/airflow/dags/etl_medallion_dag.py                           1           0  7.97s           2026-01-12T17:24:10
================================================================================
[2026-01-12T17:24:44.087+0000] {manager.py:878} INFO - 
================================================================================
DAG File Processing Stats

File Path                                 PID  Runtime      # DAGs    # Errors  Last Runtime    Last Run
--------------------------------------  -----  ---------  --------  ----------  --------------  -------------------
/opt/airflow/dags/etl_medallion_dag.py   2324  2.22s             1           0  7.97s           2026-01-12T17:24:10
================================================================================
[2026-01-12T17:24:54.443+0000] {manager.py:737} INFO - Searching for files in /opt/airflow/dags
[2026-01-12T17:24:54.952+0000] {manager.py:740} INFO - There are 1 files in /opt/airflow/dags
