[2026-01-12T15:57:52.229+0000] {processor.py:161} INFO - Started process (PID=188) to work on /opt/airflow/dags/etl_medallion_dag.py
[2026-01-12T15:57:52.253+0000] {processor.py:830} INFO - Processing file /opt/airflow/dags/etl_medallion_dag.py for tasks to queue
[2026-01-12T15:57:52.306+0000] {logging_mixin.py:188} INFO - [2026-01-12T15:57:52.294+0000] {dagbag.py:540} INFO - Filling up the DagBag from /opt/airflow/dags/etl_medallion_dag.py
[2026-01-12T15:57:52.437+0000] {logging_mixin.py:188} INFO - [2026-01-12T15:57:52.388+0000] {dagbag.py:350} ERROR - Failed to import: /opt/airflow/dags/etl_medallion_dag.py
Traceback (most recent call last):
  File "/home/airflow/.local/lib/python3.12/site-packages/airflow/models/dagbag.py", line 346, in parse
    loader.exec_module(new_module)
  File "<frozen importlib._bootstrap_external>", line 995, in exec_module
  File "<frozen importlib._bootstrap>", line 488, in _call_with_frames_removed
  File "/opt/airflow/dags/etl_medallion_dag.py", line 5, in <module>
    from airflow.providers.apache.spark.operators.spark_submit import SparkSubmitOperator
ModuleNotFoundError: No module named 'airflow.providers.apache'
[2026-01-12T15:57:52.448+0000] {processor.py:842} WARNING - No viable dags retrieved from /opt/airflow/dags/etl_medallion_dag.py
[2026-01-12T15:57:52.690+0000] {processor.py:183} INFO - Processing /opt/airflow/dags/etl_medallion_dag.py took 0.629 seconds
[2026-01-12T15:58:24.433+0000] {processor.py:161} INFO - Started process (PID=193) to work on /opt/airflow/dags/etl_medallion_dag.py
[2026-01-12T15:58:24.446+0000] {processor.py:830} INFO - Processing file /opt/airflow/dags/etl_medallion_dag.py for tasks to queue
[2026-01-12T15:58:24.633+0000] {logging_mixin.py:188} INFO - [2026-01-12T15:58:24.592+0000] {dagbag.py:540} INFO - Filling up the DagBag from /opt/airflow/dags/etl_medallion_dag.py
[2026-01-12T15:58:24.970+0000] {logging_mixin.py:188} INFO - [2026-01-12T15:58:24.919+0000] {dagbag.py:350} ERROR - Failed to import: /opt/airflow/dags/etl_medallion_dag.py
Traceback (most recent call last):
  File "/home/airflow/.local/lib/python3.12/site-packages/airflow/models/dagbag.py", line 346, in parse
    loader.exec_module(new_module)
  File "<frozen importlib._bootstrap_external>", line 995, in exec_module
  File "<frozen importlib._bootstrap>", line 488, in _call_with_frames_removed
  File "/opt/airflow/dags/etl_medallion_dag.py", line 5, in <module>
    from airflow.providers.apache.spark.operators.spark_submit import SparkSubmitOperator
ModuleNotFoundError: No module named 'airflow.providers.apache'
[2026-01-12T15:58:24.983+0000] {processor.py:842} WARNING - No viable dags retrieved from /opt/airflow/dags/etl_medallion_dag.py
[2026-01-12T15:58:26.067+0000] {processor.py:183} INFO - Processing /opt/airflow/dags/etl_medallion_dag.py took 1.895 seconds
[2026-01-12T15:58:58.623+0000] {processor.py:161} INFO - Started process (PID=198) to work on /opt/airflow/dags/etl_medallion_dag.py
[2026-01-12T15:58:58.659+0000] {processor.py:830} INFO - Processing file /opt/airflow/dags/etl_medallion_dag.py for tasks to queue
[2026-01-12T15:58:58.760+0000] {logging_mixin.py:188} INFO - [2026-01-12T15:58:58.743+0000] {dagbag.py:540} INFO - Filling up the DagBag from /opt/airflow/dags/etl_medallion_dag.py
[2026-01-12T15:58:58.972+0000] {logging_mixin.py:188} INFO - [2026-01-12T15:58:58.930+0000] {dagbag.py:350} ERROR - Failed to import: /opt/airflow/dags/etl_medallion_dag.py
Traceback (most recent call last):
  File "/home/airflow/.local/lib/python3.12/site-packages/airflow/models/dagbag.py", line 346, in parse
    loader.exec_module(new_module)
  File "<frozen importlib._bootstrap_external>", line 995, in exec_module
  File "<frozen importlib._bootstrap>", line 488, in _call_with_frames_removed
  File "/opt/airflow/dags/etl_medallion_dag.py", line 5, in <module>
    from airflow.providers.apache.spark.operators.spark_submit import SparkSubmitOperator
ModuleNotFoundError: No module named 'airflow.providers.apache'
[2026-01-12T15:58:58.983+0000] {processor.py:842} WARNING - No viable dags retrieved from /opt/airflow/dags/etl_medallion_dag.py
[2026-01-12T15:59:00.186+0000] {processor.py:183} INFO - Processing /opt/airflow/dags/etl_medallion_dag.py took 2.078 seconds
[2026-01-12T15:59:32.347+0000] {processor.py:161} INFO - Started process (PID=203) to work on /opt/airflow/dags/etl_medallion_dag.py
[2026-01-12T15:59:32.394+0000] {processor.py:830} INFO - Processing file /opt/airflow/dags/etl_medallion_dag.py for tasks to queue
[2026-01-12T15:59:32.507+0000] {logging_mixin.py:188} INFO - [2026-01-12T15:59:32.480+0000] {dagbag.py:540} INFO - Filling up the DagBag from /opt/airflow/dags/etl_medallion_dag.py
[2026-01-12T15:59:33.032+0000] {logging_mixin.py:188} INFO - [2026-01-12T15:59:32.942+0000] {dagbag.py:350} ERROR - Failed to import: /opt/airflow/dags/etl_medallion_dag.py
Traceback (most recent call last):
  File "/home/airflow/.local/lib/python3.12/site-packages/airflow/models/dagbag.py", line 346, in parse
    loader.exec_module(new_module)
  File "<frozen importlib._bootstrap_external>", line 995, in exec_module
  File "<frozen importlib._bootstrap>", line 488, in _call_with_frames_removed
  File "/opt/airflow/dags/etl_medallion_dag.py", line 5, in <module>
    from airflow.providers.apache.spark.operators.spark_submit import SparkSubmitOperator
ModuleNotFoundError: No module named 'airflow.providers.apache'
[2026-01-12T15:59:33.059+0000] {processor.py:842} WARNING - No viable dags retrieved from /opt/airflow/dags/etl_medallion_dag.py
[2026-01-12T15:59:34.250+0000] {processor.py:183} INFO - Processing /opt/airflow/dags/etl_medallion_dag.py took 2.234 seconds
[2026-01-12T16:00:06.236+0000] {processor.py:161} INFO - Started process (PID=208) to work on /opt/airflow/dags/etl_medallion_dag.py
[2026-01-12T16:00:06.268+0000] {processor.py:830} INFO - Processing file /opt/airflow/dags/etl_medallion_dag.py for tasks to queue
[2026-01-12T16:00:06.392+0000] {logging_mixin.py:188} INFO - [2026-01-12T16:00:06.373+0000] {dagbag.py:540} INFO - Filling up the DagBag from /opt/airflow/dags/etl_medallion_dag.py
[2026-01-12T16:00:06.649+0000] {logging_mixin.py:188} INFO - [2026-01-12T16:00:06.594+0000] {dagbag.py:350} ERROR - Failed to import: /opt/airflow/dags/etl_medallion_dag.py
Traceback (most recent call last):
  File "/home/airflow/.local/lib/python3.12/site-packages/airflow/models/dagbag.py", line 346, in parse
    loader.exec_module(new_module)
  File "<frozen importlib._bootstrap_external>", line 995, in exec_module
  File "<frozen importlib._bootstrap>", line 488, in _call_with_frames_removed
  File "/opt/airflow/dags/etl_medallion_dag.py", line 5, in <module>
    from airflow.providers.apache.spark.operators.spark_submit import SparkSubmitOperator
ModuleNotFoundError: No module named 'airflow.providers.apache'
[2026-01-12T16:00:06.661+0000] {processor.py:842} WARNING - No viable dags retrieved from /opt/airflow/dags/etl_medallion_dag.py
[2026-01-12T16:00:06.983+0000] {processor.py:183} INFO - Processing /opt/airflow/dags/etl_medallion_dag.py took 1.013 seconds
[2026-01-12T16:00:38.610+0000] {processor.py:161} INFO - Started process (PID=213) to work on /opt/airflow/dags/etl_medallion_dag.py
[2026-01-12T16:00:38.627+0000] {processor.py:830} INFO - Processing file /opt/airflow/dags/etl_medallion_dag.py for tasks to queue
[2026-01-12T16:00:38.741+0000] {logging_mixin.py:188} INFO - [2026-01-12T16:00:38.719+0000] {dagbag.py:540} INFO - Filling up the DagBag from /opt/airflow/dags/etl_medallion_dag.py
[2026-01-12T16:00:38.965+0000] {logging_mixin.py:188} INFO - [2026-01-12T16:00:38.922+0000] {dagbag.py:350} ERROR - Failed to import: /opt/airflow/dags/etl_medallion_dag.py
Traceback (most recent call last):
  File "/home/airflow/.local/lib/python3.12/site-packages/airflow/models/dagbag.py", line 346, in parse
    loader.exec_module(new_module)
  File "<frozen importlib._bootstrap_external>", line 995, in exec_module
  File "<frozen importlib._bootstrap>", line 488, in _call_with_frames_removed
  File "/opt/airflow/dags/etl_medallion_dag.py", line 5, in <module>
    from airflow.providers.apache.spark.operators.spark_submit import SparkSubmitOperator
ModuleNotFoundError: No module named 'airflow.providers.apache'
[2026-01-12T16:00:38.981+0000] {processor.py:842} WARNING - No viable dags retrieved from /opt/airflow/dags/etl_medallion_dag.py
[2026-01-12T16:00:39.690+0000] {processor.py:183} INFO - Processing /opt/airflow/dags/etl_medallion_dag.py took 1.427 seconds
[2026-01-12T16:01:10.311+0000] {processor.py:161} INFO - Started process (PID=218) to work on /opt/airflow/dags/etl_medallion_dag.py
[2026-01-12T16:01:10.315+0000] {processor.py:830} INFO - Processing file /opt/airflow/dags/etl_medallion_dag.py for tasks to queue
[2026-01-12T16:01:10.327+0000] {logging_mixin.py:188} INFO - [2026-01-12T16:01:10.325+0000] {dagbag.py:540} INFO - Filling up the DagBag from /opt/airflow/dags/etl_medallion_dag.py
[2026-01-12T16:01:10.421+0000] {logging_mixin.py:188} INFO - [2026-01-12T16:01:10.405+0000] {dagbag.py:350} ERROR - Failed to import: /opt/airflow/dags/etl_medallion_dag.py
Traceback (most recent call last):
  File "/home/airflow/.local/lib/python3.12/site-packages/airflow/models/dagbag.py", line 346, in parse
    loader.exec_module(new_module)
  File "<frozen importlib._bootstrap_external>", line 995, in exec_module
  File "<frozen importlib._bootstrap>", line 488, in _call_with_frames_removed
  File "/opt/airflow/dags/etl_medallion_dag.py", line 5, in <module>
    from airflow.providers.apache.spark.operators.spark_submit import SparkSubmitOperator
ModuleNotFoundError: No module named 'airflow.providers.apache'
[2026-01-12T16:01:10.430+0000] {processor.py:842} WARNING - No viable dags retrieved from /opt/airflow/dags/etl_medallion_dag.py
[2026-01-12T16:01:10.555+0000] {processor.py:183} INFO - Processing /opt/airflow/dags/etl_medallion_dag.py took 0.321 seconds
[2026-01-12T16:01:41.633+0000] {processor.py:161} INFO - Started process (PID=223) to work on /opt/airflow/dags/etl_medallion_dag.py
[2026-01-12T16:01:41.643+0000] {processor.py:830} INFO - Processing file /opt/airflow/dags/etl_medallion_dag.py for tasks to queue
[2026-01-12T16:01:41.680+0000] {logging_mixin.py:188} INFO - [2026-01-12T16:01:41.667+0000] {dagbag.py:540} INFO - Filling up the DagBag from /opt/airflow/dags/etl_medallion_dag.py
[2026-01-12T16:01:41.787+0000] {logging_mixin.py:188} INFO - [2026-01-12T16:01:41.758+0000] {dagbag.py:350} ERROR - Failed to import: /opt/airflow/dags/etl_medallion_dag.py
Traceback (most recent call last):
  File "/home/airflow/.local/lib/python3.12/site-packages/airflow/models/dagbag.py", line 346, in parse
    loader.exec_module(new_module)
  File "<frozen importlib._bootstrap_external>", line 995, in exec_module
  File "<frozen importlib._bootstrap>", line 488, in _call_with_frames_removed
  File "/opt/airflow/dags/etl_medallion_dag.py", line 5, in <module>
    from airflow.providers.apache.spark.operators.spark_submit import SparkSubmitOperator
ModuleNotFoundError: No module named 'airflow.providers.apache'
[2026-01-12T16:01:41.799+0000] {processor.py:842} WARNING - No viable dags retrieved from /opt/airflow/dags/etl_medallion_dag.py
[2026-01-12T16:01:42.254+0000] {processor.py:183} INFO - Processing /opt/airflow/dags/etl_medallion_dag.py took 0.806 seconds
[2026-01-12T16:02:12.784+0000] {processor.py:161} INFO - Started process (PID=228) to work on /opt/airflow/dags/etl_medallion_dag.py
[2026-01-12T16:02:12.789+0000] {processor.py:830} INFO - Processing file /opt/airflow/dags/etl_medallion_dag.py for tasks to queue
[2026-01-12T16:02:12.796+0000] {logging_mixin.py:188} INFO - [2026-01-12T16:02:12.795+0000] {dagbag.py:540} INFO - Filling up the DagBag from /opt/airflow/dags/etl_medallion_dag.py
[2026-01-12T16:02:12.866+0000] {logging_mixin.py:188} INFO - [2026-01-12T16:02:12.849+0000] {dagbag.py:350} ERROR - Failed to import: /opt/airflow/dags/etl_medallion_dag.py
Traceback (most recent call last):
  File "/home/airflow/.local/lib/python3.12/site-packages/airflow/models/dagbag.py", line 346, in parse
    loader.exec_module(new_module)
  File "<frozen importlib._bootstrap_external>", line 995, in exec_module
  File "<frozen importlib._bootstrap>", line 488, in _call_with_frames_removed
  File "/opt/airflow/dags/etl_medallion_dag.py", line 5, in <module>
    from airflow.providers.apache.spark.operators.spark_submit import SparkSubmitOperator
ModuleNotFoundError: No module named 'airflow.providers.apache'
[2026-01-12T16:02:12.872+0000] {processor.py:842} WARNING - No viable dags retrieved from /opt/airflow/dags/etl_medallion_dag.py
[2026-01-12T16:02:12.939+0000] {processor.py:183} INFO - Processing /opt/airflow/dags/etl_medallion_dag.py took 0.170 seconds
[2026-01-12T16:02:43.211+0000] {processor.py:161} INFO - Started process (PID=233) to work on /opt/airflow/dags/etl_medallion_dag.py
[2026-01-12T16:02:43.215+0000] {processor.py:830} INFO - Processing file /opt/airflow/dags/etl_medallion_dag.py for tasks to queue
[2026-01-12T16:02:43.221+0000] {logging_mixin.py:188} INFO - [2026-01-12T16:02:43.220+0000] {dagbag.py:540} INFO - Filling up the DagBag from /opt/airflow/dags/etl_medallion_dag.py
[2026-01-12T16:02:43.291+0000] {logging_mixin.py:188} INFO - [2026-01-12T16:02:43.275+0000] {dagbag.py:350} ERROR - Failed to import: /opt/airflow/dags/etl_medallion_dag.py
Traceback (most recent call last):
  File "/home/airflow/.local/lib/python3.12/site-packages/airflow/models/dagbag.py", line 346, in parse
    loader.exec_module(new_module)
  File "<frozen importlib._bootstrap_external>", line 995, in exec_module
  File "<frozen importlib._bootstrap>", line 488, in _call_with_frames_removed
  File "/opt/airflow/dags/etl_medallion_dag.py", line 5, in <module>
    from airflow.providers.apache.spark.operators.spark_submit import SparkSubmitOperator
ModuleNotFoundError: No module named 'airflow.providers.apache'
[2026-01-12T16:02:43.298+0000] {processor.py:842} WARNING - No viable dags retrieved from /opt/airflow/dags/etl_medallion_dag.py
[2026-01-12T16:02:43.408+0000] {processor.py:183} INFO - Processing /opt/airflow/dags/etl_medallion_dag.py took 0.215 seconds
[2026-01-12T16:03:13.889+0000] {processor.py:161} INFO - Started process (PID=238) to work on /opt/airflow/dags/etl_medallion_dag.py
[2026-01-12T16:03:13.894+0000] {processor.py:830} INFO - Processing file /opt/airflow/dags/etl_medallion_dag.py for tasks to queue
[2026-01-12T16:03:13.918+0000] {logging_mixin.py:188} INFO - [2026-01-12T16:03:13.913+0000] {dagbag.py:540} INFO - Filling up the DagBag from /opt/airflow/dags/etl_medallion_dag.py
[2026-01-12T16:03:14.009+0000] {logging_mixin.py:188} INFO - [2026-01-12T16:03:13.988+0000] {dagbag.py:350} ERROR - Failed to import: /opt/airflow/dags/etl_medallion_dag.py
Traceback (most recent call last):
  File "/home/airflow/.local/lib/python3.12/site-packages/airflow/models/dagbag.py", line 346, in parse
    loader.exec_module(new_module)
  File "<frozen importlib._bootstrap_external>", line 995, in exec_module
  File "<frozen importlib._bootstrap>", line 488, in _call_with_frames_removed
  File "/opt/airflow/dags/etl_medallion_dag.py", line 5, in <module>
    from airflow.providers.apache.spark.operators.spark_submit import SparkSubmitOperator
ModuleNotFoundError: No module named 'airflow.providers.apache'
[2026-01-12T16:03:14.025+0000] {processor.py:842} WARNING - No viable dags retrieved from /opt/airflow/dags/etl_medallion_dag.py
[2026-01-12T16:03:14.349+0000] {processor.py:183} INFO - Processing /opt/airflow/dags/etl_medallion_dag.py took 0.523 seconds
[2026-01-12T16:03:38.975+0000] {processor.py:161} INFO - Started process (PID=243) to work on /opt/airflow/dags/etl_medallion_dag.py
[2026-01-12T16:03:38.986+0000] {processor.py:830} INFO - Processing file /opt/airflow/dags/etl_medallion_dag.py for tasks to queue
[2026-01-12T16:03:39.018+0000] {logging_mixin.py:188} INFO - [2026-01-12T16:03:39.011+0000] {dagbag.py:540} INFO - Filling up the DagBag from /opt/airflow/dags/etl_medallion_dag.py
[2026-01-12T16:03:53.617+0000] {processor.py:840} INFO - DAG(s) 'etl_medallion_dag' retrieved from /opt/airflow/dags/etl_medallion_dag.py
[2026-01-12T16:03:54.594+0000] {logging_mixin.py:188} INFO - [2026-01-12T16:03:54.591+0000] {override.py:1829} INFO - Created Permission View: can edit on DAG:etl_medallion_dag
[2026-01-12T16:03:54.613+0000] {logging_mixin.py:188} INFO - [2026-01-12T16:03:54.613+0000] {override.py:1829} INFO - Created Permission View: can delete on DAG:etl_medallion_dag
[2026-01-12T16:03:54.629+0000] {logging_mixin.py:188} INFO - [2026-01-12T16:03:54.628+0000] {override.py:1829} INFO - Created Permission View: can read on DAG:etl_medallion_dag
[2026-01-12T16:03:54.631+0000] {logging_mixin.py:188} INFO - [2026-01-12T16:03:54.630+0000] {dag.py:3096} INFO - Sync 1 DAGs
[2026-01-12T16:03:54.650+0000] {logging_mixin.py:188} INFO - [2026-01-12T16:03:54.650+0000] {dag.py:3118} INFO - Creating ORM DAG for etl_medallion_dag
[2026-01-12T16:03:54.675+0000] {logging_mixin.py:188} INFO - [2026-01-12T16:03:54.674+0000] {dag.py:3954} INFO - Setting next_dagrun for etl_medallion_dag to 2026-01-11 00:00:00+00:00, run_after=2026-01-12 00:00:00+00:00
[2026-01-12T16:03:54.740+0000] {processor.py:183} INFO - Processing /opt/airflow/dags/etl_medallion_dag.py took 15.904 seconds
[2026-01-12T16:04:26.351+0000] {processor.py:161} INFO - Started process (PID=249) to work on /opt/airflow/dags/etl_medallion_dag.py
[2026-01-12T16:04:26.396+0000] {processor.py:830} INFO - Processing file /opt/airflow/dags/etl_medallion_dag.py for tasks to queue
[2026-01-12T16:04:26.530+0000] {logging_mixin.py:188} INFO - [2026-01-12T16:04:26.494+0000] {dagbag.py:540} INFO - Filling up the DagBag from /opt/airflow/dags/etl_medallion_dag.py
[2026-01-12T16:04:40.578+0000] {processor.py:840} INFO - DAG(s) 'etl_medallion_dag' retrieved from /opt/airflow/dags/etl_medallion_dag.py
[2026-01-12T16:04:41.424+0000] {logging_mixin.py:188} INFO - [2026-01-12T16:04:41.416+0000] {dag.py:3096} INFO - Sync 1 DAGs
[2026-01-12T16:04:41.540+0000] {logging_mixin.py:188} INFO - [2026-01-12T16:04:41.538+0000] {dag.py:3954} INFO - Setting next_dagrun for etl_medallion_dag to 2026-01-11 00:00:00+00:00, run_after=2026-01-12 00:00:00+00:00
[2026-01-12T16:04:41.644+0000] {processor.py:183} INFO - Processing /opt/airflow/dags/etl_medallion_dag.py took 15.588 seconds
[2026-01-12T16:05:13.994+0000] {processor.py:161} INFO - Started process (PID=255) to work on /opt/airflow/dags/etl_medallion_dag.py
[2026-01-12T16:05:14.005+0000] {processor.py:830} INFO - Processing file /opt/airflow/dags/etl_medallion_dag.py for tasks to queue
[2026-01-12T16:05:14.071+0000] {logging_mixin.py:188} INFO - [2026-01-12T16:05:14.054+0000] {dagbag.py:540} INFO - Filling up the DagBag from /opt/airflow/dags/etl_medallion_dag.py
[2026-01-12T16:05:24.784+0000] {processor.py:840} INFO - DAG(s) 'etl_medallion_dag' retrieved from /opt/airflow/dags/etl_medallion_dag.py
[2026-01-12T16:05:25.096+0000] {logging_mixin.py:188} INFO - [2026-01-12T16:05:25.089+0000] {dag.py:3096} INFO - Sync 1 DAGs
[2026-01-12T16:05:25.189+0000] {logging_mixin.py:188} INFO - [2026-01-12T16:05:25.189+0000] {dag.py:3954} INFO - Setting next_dagrun for etl_medallion_dag to 2026-01-11 00:00:00+00:00, run_after=2026-01-12 00:00:00+00:00
[2026-01-12T16:05:25.253+0000] {processor.py:183} INFO - Processing /opt/airflow/dags/etl_medallion_dag.py took 11.474 seconds
[2026-01-12T16:05:56.622+0000] {processor.py:161} INFO - Started process (PID=261) to work on /opt/airflow/dags/etl_medallion_dag.py
[2026-01-12T16:05:56.649+0000] {processor.py:830} INFO - Processing file /opt/airflow/dags/etl_medallion_dag.py for tasks to queue
[2026-01-12T16:05:56.711+0000] {logging_mixin.py:188} INFO - [2026-01-12T16:05:56.696+0000] {dagbag.py:540} INFO - Filling up the DagBag from /opt/airflow/dags/etl_medallion_dag.py
[2026-01-12T16:06:05.333+0000] {processor.py:840} INFO - DAG(s) 'etl_medallion_dag' retrieved from /opt/airflow/dags/etl_medallion_dag.py
[2026-01-12T16:06:05.461+0000] {logging_mixin.py:188} INFO - [2026-01-12T16:06:05.456+0000] {dag.py:3096} INFO - Sync 1 DAGs
[2026-01-12T16:06:05.514+0000] {logging_mixin.py:188} INFO - [2026-01-12T16:06:05.513+0000] {dag.py:3954} INFO - Setting next_dagrun for etl_medallion_dag to 2026-01-11 00:00:00+00:00, run_after=2026-01-12 00:00:00+00:00
[2026-01-12T16:06:05.560+0000] {processor.py:183} INFO - Processing /opt/airflow/dags/etl_medallion_dag.py took 9.106 seconds
[2026-01-12T16:06:38.027+0000] {processor.py:161} INFO - Started process (PID=267) to work on /opt/airflow/dags/etl_medallion_dag.py
[2026-01-12T16:06:38.046+0000] {processor.py:830} INFO - Processing file /opt/airflow/dags/etl_medallion_dag.py for tasks to queue
[2026-01-12T16:06:38.138+0000] {logging_mixin.py:188} INFO - [2026-01-12T16:06:38.114+0000] {dagbag.py:540} INFO - Filling up the DagBag from /opt/airflow/dags/etl_medallion_dag.py
[2026-01-12T16:06:47.795+0000] {processor.py:840} INFO - DAG(s) 'etl_medallion_dag' retrieved from /opt/airflow/dags/etl_medallion_dag.py
[2026-01-12T16:06:48.218+0000] {logging_mixin.py:188} INFO - [2026-01-12T16:06:48.212+0000] {dag.py:3096} INFO - Sync 1 DAGs
[2026-01-12T16:06:48.324+0000] {logging_mixin.py:188} INFO - [2026-01-12T16:06:48.323+0000] {dag.py:3954} INFO - Setting next_dagrun for etl_medallion_dag to 2026-01-11 00:00:00+00:00, run_after=2026-01-12 00:00:00+00:00
[2026-01-12T16:06:48.410+0000] {processor.py:183} INFO - Processing /opt/airflow/dags/etl_medallion_dag.py took 10.602 seconds
[2026-01-12T16:07:19.924+0000] {processor.py:161} INFO - Started process (PID=273) to work on /opt/airflow/dags/etl_medallion_dag.py
[2026-01-12T16:07:19.940+0000] {processor.py:830} INFO - Processing file /opt/airflow/dags/etl_medallion_dag.py for tasks to queue
[2026-01-12T16:07:20.010+0000] {logging_mixin.py:188} INFO - [2026-01-12T16:07:19.993+0000] {dagbag.py:540} INFO - Filling up the DagBag from /opt/airflow/dags/etl_medallion_dag.py
[2026-01-12T16:07:28.467+0000] {processor.py:840} INFO - DAG(s) 'etl_medallion_dag' retrieved from /opt/airflow/dags/etl_medallion_dag.py
[2026-01-12T16:07:28.687+0000] {logging_mixin.py:188} INFO - [2026-01-12T16:07:28.686+0000] {dag.py:3096} INFO - Sync 1 DAGs
[2026-01-12T16:07:28.740+0000] {logging_mixin.py:188} INFO - [2026-01-12T16:07:28.740+0000] {dag.py:3954} INFO - Setting next_dagrun for etl_medallion_dag to 2026-01-11 00:00:00+00:00, run_after=2026-01-12 00:00:00+00:00
[2026-01-12T16:07:28.792+0000] {processor.py:183} INFO - Processing /opt/airflow/dags/etl_medallion_dag.py took 9.090 seconds
[2026-01-12T16:08:00.792+0000] {processor.py:161} INFO - Started process (PID=279) to work on /opt/airflow/dags/etl_medallion_dag.py
[2026-01-12T16:08:00.819+0000] {processor.py:830} INFO - Processing file /opt/airflow/dags/etl_medallion_dag.py for tasks to queue
[2026-01-12T16:08:00.930+0000] {logging_mixin.py:188} INFO - [2026-01-12T16:08:00.911+0000] {dagbag.py:540} INFO - Filling up the DagBag from /opt/airflow/dags/etl_medallion_dag.py
[2026-01-12T16:08:10.015+0000] {processor.py:840} INFO - DAG(s) 'etl_medallion_dag' retrieved from /opt/airflow/dags/etl_medallion_dag.py
[2026-01-12T16:08:10.380+0000] {logging_mixin.py:188} INFO - [2026-01-12T16:08:10.374+0000] {dag.py:3096} INFO - Sync 1 DAGs
[2026-01-12T16:08:10.463+0000] {logging_mixin.py:188} INFO - [2026-01-12T16:08:10.462+0000] {dag.py:3954} INFO - Setting next_dagrun for etl_medallion_dag to 2026-01-11 00:00:00+00:00, run_after=2026-01-12 00:00:00+00:00
[2026-01-12T16:08:10.574+0000] {processor.py:183} INFO - Processing /opt/airflow/dags/etl_medallion_dag.py took 9.995 seconds
[2026-01-12T16:08:41.749+0000] {processor.py:161} INFO - Started process (PID=285) to work on /opt/airflow/dags/etl_medallion_dag.py
[2026-01-12T16:08:41.759+0000] {processor.py:830} INFO - Processing file /opt/airflow/dags/etl_medallion_dag.py for tasks to queue
[2026-01-12T16:08:41.833+0000] {logging_mixin.py:188} INFO - [2026-01-12T16:08:41.816+0000] {dagbag.py:540} INFO - Filling up the DagBag from /opt/airflow/dags/etl_medallion_dag.py
[2026-01-12T16:08:48.080+0000] {processor.py:840} INFO - DAG(s) 'etl_medallion_dag' retrieved from /opt/airflow/dags/etl_medallion_dag.py
[2026-01-12T16:08:48.283+0000] {logging_mixin.py:188} INFO - [2026-01-12T16:08:48.281+0000] {dag.py:3096} INFO - Sync 1 DAGs
[2026-01-12T16:08:48.345+0000] {logging_mixin.py:188} INFO - [2026-01-12T16:08:48.344+0000] {dag.py:3954} INFO - Setting next_dagrun for etl_medallion_dag to 2026-01-11 00:00:00+00:00, run_after=2026-01-12 00:00:00+00:00
[2026-01-12T16:08:48.394+0000] {processor.py:183} INFO - Processing /opt/airflow/dags/etl_medallion_dag.py took 6.821 seconds
[2026-01-12T16:09:19.996+0000] {processor.py:161} INFO - Started process (PID=291) to work on /opt/airflow/dags/etl_medallion_dag.py
[2026-01-12T16:09:20.080+0000] {processor.py:830} INFO - Processing file /opt/airflow/dags/etl_medallion_dag.py for tasks to queue
[2026-01-12T16:09:20.358+0000] {logging_mixin.py:188} INFO - [2026-01-12T16:09:20.316+0000] {dagbag.py:540} INFO - Filling up the DagBag from /opt/airflow/dags/etl_medallion_dag.py
[2026-01-12T16:09:32.890+0000] {processor.py:840} INFO - DAG(s) 'etl_medallion_dag' retrieved from /opt/airflow/dags/etl_medallion_dag.py
[2026-01-12T16:09:33.115+0000] {logging_mixin.py:188} INFO - [2026-01-12T16:09:33.109+0000] {dag.py:3096} INFO - Sync 1 DAGs
[2026-01-12T16:09:33.169+0000] {logging_mixin.py:188} INFO - [2026-01-12T16:09:33.168+0000] {dag.py:3954} INFO - Setting next_dagrun for etl_medallion_dag to 2026-01-11 00:00:00+00:00, run_after=2026-01-12 00:00:00+00:00
[2026-01-12T16:09:33.218+0000] {processor.py:183} INFO - Processing /opt/airflow/dags/etl_medallion_dag.py took 13.525 seconds
[2026-01-12T16:10:04.311+0000] {processor.py:161} INFO - Started process (PID=297) to work on /opt/airflow/dags/etl_medallion_dag.py
[2026-01-12T16:10:04.342+0000] {processor.py:830} INFO - Processing file /opt/airflow/dags/etl_medallion_dag.py for tasks to queue
[2026-01-12T16:10:04.423+0000] {logging_mixin.py:188} INFO - [2026-01-12T16:10:04.406+0000] {dagbag.py:540} INFO - Filling up the DagBag from /opt/airflow/dags/etl_medallion_dag.py
[2026-01-12T16:10:35.914+0000] {logging_mixin.py:188} INFO - [2026-01-12T16:10:35.904+0000] {timeout.py:68} ERROR - Process timed out, PID: 297
[2026-01-12T16:10:35.917+0000] {logging_mixin.py:188} WARNING - Exception ignored in: <function WeakKeyDictionary.__init__.<locals>.remove at 0x7f8d1cdc9580>
[2026-01-12T16:10:35.919+0000] {logging_mixin.py:188} WARNING - Traceback (most recent call last):
[2026-01-12T16:10:35.921+0000] {logging_mixin.py:188} WARNING -   File "/usr/local/lib/python3.12/weakref.py", line 369, in remove
[2026-01-12T16:10:35.935+0000] {logging_mixin.py:188} WARNING -     def remove(k, selfref=ref(self)):
[2026-01-12T16:10:35.938+0000] {logging_mixin.py:188} WARNING -   File "/home/airflow/.local/lib/python3.12/site-packages/airflow/utils/timeout.py", line 69, in handle_timeout
[2026-01-12T16:10:35.947+0000] {logging_mixin.py:188} WARNING -     raise AirflowTaskTimeout(self.error_message)
[2026-01-12T16:10:35.949+0000] {logging_mixin.py:188} WARNING - airflow.exceptions.AirflowTaskTimeout: DagBag import timeout for /opt/airflow/dags/etl_medallion_dag.py after 30.0s.
Please take a look at these docs to improve your DAG import time:
* https://airflow.apache.org/docs/apache-airflow/2.9.0/best-practices.html#top-level-python-code
* https://airflow.apache.org/docs/apache-airflow/2.9.0/best-practices.html#reducing-dag-complexity, PID: 297
[2026-01-12T16:10:37.210+0000] {processor.py:840} INFO - DAG(s) 'etl_medallion_dag' retrieved from /opt/airflow/dags/etl_medallion_dag.py
[2026-01-12T16:10:37.856+0000] {logging_mixin.py:188} INFO - [2026-01-12T16:10:37.855+0000] {dag.py:3096} INFO - Sync 1 DAGs
[2026-01-12T16:10:37.946+0000] {logging_mixin.py:188} INFO - [2026-01-12T16:10:37.946+0000] {dag.py:3954} INFO - Setting next_dagrun for etl_medallion_dag to 2026-01-11 00:00:00+00:00, run_after=2026-01-12 00:00:00+00:00
[2026-01-12T16:10:38.038+0000] {processor.py:183} INFO - Processing /opt/airflow/dags/etl_medallion_dag.py took 34.060 seconds
[2026-01-12T16:11:09.937+0000] {processor.py:161} INFO - Started process (PID=303) to work on /opt/airflow/dags/etl_medallion_dag.py
[2026-01-12T16:11:09.948+0000] {processor.py:830} INFO - Processing file /opt/airflow/dags/etl_medallion_dag.py for tasks to queue
[2026-01-12T16:11:10.031+0000] {logging_mixin.py:188} INFO - [2026-01-12T16:11:10.008+0000] {dagbag.py:540} INFO - Filling up the DagBag from /opt/airflow/dags/etl_medallion_dag.py
[2026-01-12T16:11:30.320+0000] {processor.py:840} INFO - DAG(s) 'etl_medallion_dag' retrieved from /opt/airflow/dags/etl_medallion_dag.py
[2026-01-12T16:11:30.722+0000] {logging_mixin.py:188} INFO - [2026-01-12T16:11:30.716+0000] {dag.py:3096} INFO - Sync 1 DAGs
[2026-01-12T16:11:30.856+0000] {logging_mixin.py:188} INFO - [2026-01-12T16:11:30.855+0000] {dag.py:3954} INFO - Setting next_dagrun for etl_medallion_dag to 2026-01-11 00:00:00+00:00, run_after=2026-01-12 00:00:00+00:00
[2026-01-12T16:11:31.028+0000] {processor.py:183} INFO - Processing /opt/airflow/dags/etl_medallion_dag.py took 21.324 seconds
[2026-01-12T16:12:02.655+0000] {processor.py:161} INFO - Started process (PID=309) to work on /opt/airflow/dags/etl_medallion_dag.py
[2026-01-12T16:12:02.694+0000] {processor.py:830} INFO - Processing file /opt/airflow/dags/etl_medallion_dag.py for tasks to queue
[2026-01-12T16:12:02.770+0000] {logging_mixin.py:188} INFO - [2026-01-12T16:12:02.752+0000] {dagbag.py:540} INFO - Filling up the DagBag from /opt/airflow/dags/etl_medallion_dag.py
[2026-01-12T16:12:10.232+0000] {processor.py:840} INFO - DAG(s) 'etl_medallion_dag' retrieved from /opt/airflow/dags/etl_medallion_dag.py
[2026-01-12T16:12:10.574+0000] {logging_mixin.py:188} INFO - [2026-01-12T16:12:10.566+0000] {dag.py:3096} INFO - Sync 1 DAGs
[2026-01-12T16:12:10.656+0000] {logging_mixin.py:188} INFO - [2026-01-12T16:12:10.655+0000] {dag.py:3954} INFO - Setting next_dagrun for etl_medallion_dag to 2026-01-11 00:00:00+00:00, run_after=2026-01-12 00:00:00+00:00
[2026-01-12T16:12:10.749+0000] {processor.py:183} INFO - Processing /opt/airflow/dags/etl_medallion_dag.py took 8.276 seconds
[2026-01-12T16:12:41.938+0000] {processor.py:161} INFO - Started process (PID=315) to work on /opt/airflow/dags/etl_medallion_dag.py
[2026-01-12T16:12:41.950+0000] {processor.py:830} INFO - Processing file /opt/airflow/dags/etl_medallion_dag.py for tasks to queue
[2026-01-12T16:12:42.016+0000] {logging_mixin.py:188} INFO - [2026-01-12T16:12:42.002+0000] {dagbag.py:540} INFO - Filling up the DagBag from /opt/airflow/dags/etl_medallion_dag.py
[2026-01-12T16:12:51.951+0000] {processor.py:840} INFO - DAG(s) 'etl_medallion_dag' retrieved from /opt/airflow/dags/etl_medallion_dag.py
[2026-01-12T16:12:52.309+0000] {logging_mixin.py:188} INFO - [2026-01-12T16:12:52.302+0000] {dag.py:3096} INFO - Sync 1 DAGs
[2026-01-12T16:12:52.432+0000] {logging_mixin.py:188} INFO - [2026-01-12T16:12:52.432+0000] {dag.py:3954} INFO - Setting next_dagrun for etl_medallion_dag to 2026-01-11 00:00:00+00:00, run_after=2026-01-12 00:00:00+00:00
[2026-01-12T16:12:52.527+0000] {processor.py:183} INFO - Processing /opt/airflow/dags/etl_medallion_dag.py took 10.839 seconds
[2026-01-12T16:13:24.750+0000] {processor.py:161} INFO - Started process (PID=321) to work on /opt/airflow/dags/etl_medallion_dag.py
[2026-01-12T16:13:24.791+0000] {processor.py:830} INFO - Processing file /opt/airflow/dags/etl_medallion_dag.py for tasks to queue
[2026-01-12T16:13:24.890+0000] {logging_mixin.py:188} INFO - [2026-01-12T16:13:24.866+0000] {dagbag.py:540} INFO - Filling up the DagBag from /opt/airflow/dags/etl_medallion_dag.py
[2026-01-12T16:13:33.614+0000] {processor.py:840} INFO - DAG(s) 'etl_medallion_dag' retrieved from /opt/airflow/dags/etl_medallion_dag.py
[2026-01-12T16:13:33.920+0000] {logging_mixin.py:188} INFO - [2026-01-12T16:13:33.919+0000] {dag.py:3096} INFO - Sync 1 DAGs
[2026-01-12T16:13:33.989+0000] {logging_mixin.py:188} INFO - [2026-01-12T16:13:33.988+0000] {dag.py:3954} INFO - Setting next_dagrun for etl_medallion_dag to 2026-01-11 00:00:00+00:00, run_after=2026-01-12 00:00:00+00:00
[2026-01-12T16:13:34.052+0000] {processor.py:183} INFO - Processing /opt/airflow/dags/etl_medallion_dag.py took 9.590 seconds
[2026-01-12T16:14:05.612+0000] {processor.py:161} INFO - Started process (PID=327) to work on /opt/airflow/dags/etl_medallion_dag.py
[2026-01-12T16:14:05.661+0000] {processor.py:830} INFO - Processing file /opt/airflow/dags/etl_medallion_dag.py for tasks to queue
[2026-01-12T16:14:05.740+0000] {logging_mixin.py:188} INFO - [2026-01-12T16:14:05.726+0000] {dagbag.py:540} INFO - Filling up the DagBag from /opt/airflow/dags/etl_medallion_dag.py
[2026-01-12T16:14:13.412+0000] {processor.py:840} INFO - DAG(s) 'etl_medallion_dag' retrieved from /opt/airflow/dags/etl_medallion_dag.py
[2026-01-12T16:14:13.651+0000] {logging_mixin.py:188} INFO - [2026-01-12T16:14:13.650+0000] {dag.py:3096} INFO - Sync 1 DAGs
[2026-01-12T16:14:13.723+0000] {logging_mixin.py:188} INFO - [2026-01-12T16:14:13.723+0000] {dag.py:3954} INFO - Setting next_dagrun for etl_medallion_dag to 2026-01-11 00:00:00+00:00, run_after=2026-01-12 00:00:00+00:00
[2026-01-12T16:14:13.789+0000] {processor.py:183} INFO - Processing /opt/airflow/dags/etl_medallion_dag.py took 8.397 seconds
[2026-01-12T16:14:45.351+0000] {processor.py:161} INFO - Started process (PID=333) to work on /opt/airflow/dags/etl_medallion_dag.py
[2026-01-12T16:14:45.360+0000] {processor.py:830} INFO - Processing file /opt/airflow/dags/etl_medallion_dag.py for tasks to queue
[2026-01-12T16:14:45.427+0000] {logging_mixin.py:188} INFO - [2026-01-12T16:14:45.410+0000] {dagbag.py:540} INFO - Filling up the DagBag from /opt/airflow/dags/etl_medallion_dag.py
[2026-01-12T16:16:06.468+0000] {processor.py:161} INFO - Started process (PID=337) to work on /opt/airflow/dags/etl_medallion_dag.py
[2026-01-12T16:16:06.475+0000] {processor.py:830} INFO - Processing file /opt/airflow/dags/etl_medallion_dag.py for tasks to queue
[2026-01-12T16:16:06.492+0000] {logging_mixin.py:188} INFO - [2026-01-12T16:16:06.482+0000] {dagbag.py:540} INFO - Filling up the DagBag from /opt/airflow/dags/etl_medallion_dag.py
[2026-01-12T16:16:21.076+0000] {processor.py:840} INFO - DAG(s) 'etl_medallion_dag' retrieved from /opt/airflow/dags/etl_medallion_dag.py
[2026-01-12T16:16:22.135+0000] {logging_mixin.py:188} INFO - [2026-01-12T16:16:22.125+0000] {dag.py:3096} INFO - Sync 1 DAGs
[2026-01-12T16:16:22.234+0000] {logging_mixin.py:188} INFO - [2026-01-12T16:16:22.233+0000] {dag.py:3954} INFO - Setting next_dagrun for etl_medallion_dag to 2026-01-11 00:00:00+00:00, run_after=2026-01-12 00:00:00+00:00
[2026-01-12T16:16:22.322+0000] {processor.py:183} INFO - Processing /opt/airflow/dags/etl_medallion_dag.py took 16.023 seconds
[2026-01-12T16:16:54.510+0000] {processor.py:161} INFO - Started process (PID=343) to work on /opt/airflow/dags/etl_medallion_dag.py
[2026-01-12T16:16:54.540+0000] {processor.py:830} INFO - Processing file /opt/airflow/dags/etl_medallion_dag.py for tasks to queue
[2026-01-12T16:16:54.572+0000] {logging_mixin.py:188} INFO - [2026-01-12T16:16:54.555+0000] {dagbag.py:540} INFO - Filling up the DagBag from /opt/airflow/dags/etl_medallion_dag.py
[2026-01-12T16:17:03.824+0000] {processor.py:840} INFO - DAG(s) 'etl_medallion_dag' retrieved from /opt/airflow/dags/etl_medallion_dag.py
[2026-01-12T16:17:04.065+0000] {logging_mixin.py:188} INFO - [2026-01-12T16:17:04.064+0000] {dag.py:3096} INFO - Sync 1 DAGs
[2026-01-12T16:17:04.145+0000] {logging_mixin.py:188} INFO - [2026-01-12T16:17:04.145+0000] {dag.py:3954} INFO - Setting next_dagrun for etl_medallion_dag to 2026-01-11 00:00:00+00:00, run_after=2026-01-12 00:00:00+00:00
[2026-01-12T16:17:04.245+0000] {processor.py:183} INFO - Processing /opt/airflow/dags/etl_medallion_dag.py took 9.836 seconds
[2026-01-12T16:17:35.823+0000] {processor.py:161} INFO - Started process (PID=349) to work on /opt/airflow/dags/etl_medallion_dag.py
[2026-01-12T16:17:35.878+0000] {processor.py:830} INFO - Processing file /opt/airflow/dags/etl_medallion_dag.py for tasks to queue
[2026-01-12T16:17:35.922+0000] {logging_mixin.py:188} INFO - [2026-01-12T16:17:35.899+0000] {dagbag.py:540} INFO - Filling up the DagBag from /opt/airflow/dags/etl_medallion_dag.py
[2026-01-12T16:17:44.165+0000] {processor.py:840} INFO - DAG(s) 'etl_medallion_dag' retrieved from /opt/airflow/dags/etl_medallion_dag.py
[2026-01-12T16:17:44.450+0000] {logging_mixin.py:188} INFO - [2026-01-12T16:17:44.449+0000] {dag.py:3096} INFO - Sync 1 DAGs
[2026-01-12T16:17:44.502+0000] {logging_mixin.py:188} INFO - [2026-01-12T16:17:44.501+0000] {dag.py:3954} INFO - Setting next_dagrun for etl_medallion_dag to 2026-01-11 00:00:00+00:00, run_after=2026-01-12 00:00:00+00:00
[2026-01-12T16:17:44.554+0000] {processor.py:183} INFO - Processing /opt/airflow/dags/etl_medallion_dag.py took 8.911 seconds
[2026-01-12T16:18:15.614+0000] {processor.py:161} INFO - Started process (PID=355) to work on /opt/airflow/dags/etl_medallion_dag.py
[2026-01-12T16:18:15.628+0000] {processor.py:830} INFO - Processing file /opt/airflow/dags/etl_medallion_dag.py for tasks to queue
[2026-01-12T16:18:15.659+0000] {logging_mixin.py:188} INFO - [2026-01-12T16:18:15.640+0000] {dagbag.py:540} INFO - Filling up the DagBag from /opt/airflow/dags/etl_medallion_dag.py
[2026-01-12T16:18:23.386+0000] {processor.py:840} INFO - DAG(s) 'etl_medallion_dag' retrieved from /opt/airflow/dags/etl_medallion_dag.py
[2026-01-12T16:18:23.590+0000] {logging_mixin.py:188} INFO - [2026-01-12T16:18:23.589+0000] {dag.py:3096} INFO - Sync 1 DAGs
[2026-01-12T16:18:23.667+0000] {logging_mixin.py:188} INFO - [2026-01-12T16:18:23.667+0000] {dag.py:3954} INFO - Setting next_dagrun for etl_medallion_dag to 2026-01-11 00:00:00+00:00, run_after=2026-01-12 00:00:00+00:00
[2026-01-12T16:18:23.733+0000] {processor.py:183} INFO - Processing /opt/airflow/dags/etl_medallion_dag.py took 8.274 seconds
[2026-01-12T16:18:56.005+0000] {processor.py:161} INFO - Started process (PID=361) to work on /opt/airflow/dags/etl_medallion_dag.py
[2026-01-12T16:18:56.106+0000] {processor.py:830} INFO - Processing file /opt/airflow/dags/etl_medallion_dag.py for tasks to queue
[2026-01-12T16:18:56.175+0000] {logging_mixin.py:188} INFO - [2026-01-12T16:18:56.147+0000] {dagbag.py:540} INFO - Filling up the DagBag from /opt/airflow/dags/etl_medallion_dag.py
[2026-01-12T16:19:23.123+0000] {processor.py:840} INFO - DAG(s) 'etl_medallion_dag' retrieved from /opt/airflow/dags/etl_medallion_dag.py
[2026-01-12T16:19:24.104+0000] {logging_mixin.py:188} INFO - [2026-01-12T16:19:24.094+0000] {dag.py:3096} INFO - Sync 1 DAGs
[2026-01-12T16:19:24.524+0000] {logging_mixin.py:188} INFO - [2026-01-12T16:19:24.519+0000] {dag.py:3954} INFO - Setting next_dagrun for etl_medallion_dag to 2026-01-11 00:00:00+00:00, run_after=2026-01-12 00:00:00+00:00
[2026-01-12T16:19:24.925+0000] {processor.py:183} INFO - Processing /opt/airflow/dags/etl_medallion_dag.py took 29.377 seconds
[2026-01-12T16:19:58.863+0000] {processor.py:161} INFO - Started process (PID=367) to work on /opt/airflow/dags/etl_medallion_dag.py
[2026-01-12T16:19:58.916+0000] {processor.py:830} INFO - Processing file /opt/airflow/dags/etl_medallion_dag.py for tasks to queue
[2026-01-12T16:19:58.950+0000] {logging_mixin.py:188} INFO - [2026-01-12T16:19:58.932+0000] {dagbag.py:540} INFO - Filling up the DagBag from /opt/airflow/dags/etl_medallion_dag.py
[2026-01-12T16:20:31.319+0000] {logging_mixin.py:188} INFO - [2026-01-12T16:20:31.259+0000] {timeout.py:68} ERROR - Process timed out, PID: 367
[2026-01-12T16:20:31.327+0000] {logging_mixin.py:188} WARNING - Exception ignored in: <function WeakKeyDictionary.__init__.<locals>.remove at 0x7f8d1cdc9580>
[2026-01-12T16:20:31.337+0000] {logging_mixin.py:188} WARNING - Traceback (most recent call last):
[2026-01-12T16:20:31.339+0000] {logging_mixin.py:188} WARNING -   File "/usr/local/lib/python3.12/weakref.py", line 369, in remove
[2026-01-12T16:20:31.354+0000] {logging_mixin.py:188} WARNING -     def remove(k, selfref=ref(self)):
[2026-01-12T16:20:31.359+0000] {logging_mixin.py:188} WARNING -   File "/home/airflow/.local/lib/python3.12/site-packages/airflow/utils/timeout.py", line 69, in handle_timeout
[2026-01-12T16:20:31.367+0000] {logging_mixin.py:188} WARNING -     raise AirflowTaskTimeout(self.error_message)
[2026-01-12T16:20:31.371+0000] {logging_mixin.py:188} WARNING - airflow.exceptions.AirflowTaskTimeout: DagBag import timeout for /opt/airflow/dags/etl_medallion_dag.py after 30.0s.
Please take a look at these docs to improve your DAG import time:
* https://airflow.apache.org/docs/apache-airflow/2.9.0/best-practices.html#top-level-python-code
* https://airflow.apache.org/docs/apache-airflow/2.9.0/best-practices.html#reducing-dag-complexity, PID: 367
[2026-01-12T16:20:35.005+0000] {processor.py:840} INFO - DAG(s) 'etl_medallion_dag' retrieved from /opt/airflow/dags/etl_medallion_dag.py
[2026-01-12T16:20:36.017+0000] {logging_mixin.py:188} INFO - [2026-01-12T16:20:36.008+0000] {dag.py:3096} INFO - Sync 1 DAGs
[2026-01-12T16:20:36.316+0000] {logging_mixin.py:188} INFO - [2026-01-12T16:20:36.315+0000] {dag.py:3954} INFO - Setting next_dagrun for etl_medallion_dag to 2026-01-11 00:00:00+00:00, run_after=2026-01-12 00:00:00+00:00
[2026-01-12T16:20:36.515+0000] {processor.py:183} INFO - Processing /opt/airflow/dags/etl_medallion_dag.py took 38.155 seconds
[2026-01-12T16:21:10.288+0000] {processor.py:161} INFO - Started process (PID=373) to work on /opt/airflow/dags/etl_medallion_dag.py
[2026-01-12T16:21:10.402+0000] {processor.py:830} INFO - Processing file /opt/airflow/dags/etl_medallion_dag.py for tasks to queue
[2026-01-12T16:21:10.493+0000] {logging_mixin.py:188} INFO - [2026-01-12T16:21:10.455+0000] {dagbag.py:540} INFO - Filling up the DagBag from /opt/airflow/dags/etl_medallion_dag.py
[2026-01-12T16:21:40.662+0000] {logging_mixin.py:188} INFO - [2026-01-12T16:21:40.545+0000] {timeout.py:68} ERROR - Process timed out, PID: 373
[2026-01-12T16:22:19.624+0000] {processor.py:161} INFO - Started process (PID=379) to work on /opt/airflow/dags/etl_medallion_dag.py
[2026-01-12T16:22:19.722+0000] {processor.py:830} INFO - Processing file /opt/airflow/dags/etl_medallion_dag.py for tasks to queue
[2026-01-12T16:22:19.822+0000] {logging_mixin.py:188} INFO - [2026-01-12T16:22:19.775+0000] {dagbag.py:540} INFO - Filling up the DagBag from /opt/airflow/dags/etl_medallion_dag.py
[2026-01-12T16:22:44.869+0000] {processor.py:840} INFO - DAG(s) 'etl_medallion_dag' retrieved from /opt/airflow/dags/etl_medallion_dag.py
[2026-01-12T16:22:46.016+0000] {logging_mixin.py:188} INFO - [2026-01-12T16:22:46.003+0000] {dag.py:3096} INFO - Sync 1 DAGs
[2026-01-12T16:22:46.142+0000] {logging_mixin.py:188} INFO - [2026-01-12T16:22:46.141+0000] {dag.py:3954} INFO - Setting next_dagrun for etl_medallion_dag to 2026-01-11 00:00:00+00:00, run_after=2026-01-12 00:00:00+00:00
[2026-01-12T16:22:46.360+0000] {processor.py:183} INFO - Processing /opt/airflow/dags/etl_medallion_dag.py took 27.778 seconds
[2026-01-12T16:23:18.644+0000] {processor.py:161} INFO - Started process (PID=385) to work on /opt/airflow/dags/etl_medallion_dag.py
[2026-01-12T16:23:18.658+0000] {processor.py:830} INFO - Processing file /opt/airflow/dags/etl_medallion_dag.py for tasks to queue
[2026-01-12T16:23:18.685+0000] {logging_mixin.py:188} INFO - [2026-01-12T16:23:18.670+0000] {dagbag.py:540} INFO - Filling up the DagBag from /opt/airflow/dags/etl_medallion_dag.py
[2026-01-12T16:23:48.720+0000] {logging_mixin.py:188} INFO - [2026-01-12T16:23:48.691+0000] {timeout.py:68} ERROR - Process timed out, PID: 385
[2026-01-12T16:24:23.144+0000] {processor.py:161} INFO - Started process (PID=391) to work on /opt/airflow/dags/etl_medallion_dag.py
[2026-01-12T16:24:23.260+0000] {processor.py:830} INFO - Processing file /opt/airflow/dags/etl_medallion_dag.py for tasks to queue
[2026-01-12T16:24:23.530+0000] {logging_mixin.py:188} INFO - [2026-01-12T16:24:23.377+0000] {dagbag.py:540} INFO - Filling up the DagBag from /opt/airflow/dags/etl_medallion_dag.py
[2026-01-12T16:24:54.245+0000] {logging_mixin.py:188} INFO - [2026-01-12T16:24:54.196+0000] {timeout.py:68} ERROR - Process timed out, PID: 391
[2026-01-12T16:25:27.005+0000] {processor.py:161} INFO - Started process (PID=397) to work on /opt/airflow/dags/etl_medallion_dag.py
[2026-01-12T16:25:27.064+0000] {processor.py:830} INFO - Processing file /opt/airflow/dags/etl_medallion_dag.py for tasks to queue
[2026-01-12T16:25:27.117+0000] {logging_mixin.py:188} INFO - [2026-01-12T16:25:27.092+0000] {dagbag.py:540} INFO - Filling up the DagBag from /opt/airflow/dags/etl_medallion_dag.py
[2026-01-12T16:25:43.515+0000] {processor.py:840} INFO - DAG(s) 'etl_medallion_dag' retrieved from /opt/airflow/dags/etl_medallion_dag.py
[2026-01-12T16:25:44.767+0000] {logging_mixin.py:188} INFO - [2026-01-12T16:25:44.705+0000] {dag.py:3096} INFO - Sync 1 DAGs
[2026-01-12T16:25:45.002+0000] {logging_mixin.py:188} INFO - [2026-01-12T16:25:45.001+0000] {dag.py:3954} INFO - Setting next_dagrun for etl_medallion_dag to 2026-01-11 00:00:00+00:00, run_after=2026-01-12 00:00:00+00:00
[2026-01-12T16:25:45.152+0000] {processor.py:183} INFO - Processing /opt/airflow/dags/etl_medallion_dag.py took 18.672 seconds
[2026-01-12T16:26:18.141+0000] {processor.py:161} INFO - Started process (PID=403) to work on /opt/airflow/dags/etl_medallion_dag.py
[2026-01-12T16:26:18.360+0000] {processor.py:830} INFO - Processing file /opt/airflow/dags/etl_medallion_dag.py for tasks to queue
[2026-01-12T16:26:18.494+0000] {logging_mixin.py:188} INFO - [2026-01-12T16:26:18.441+0000] {dagbag.py:540} INFO - Filling up the DagBag from /opt/airflow/dags/etl_medallion_dag.py
[2026-01-12T16:27:37.985+0000] {processor.py:161} INFO - Started process (PID=407) to work on /opt/airflow/dags/etl_medallion_dag.py
[2026-01-12T16:27:38.025+0000] {processor.py:830} INFO - Processing file /opt/airflow/dags/etl_medallion_dag.py for tasks to queue
[2026-01-12T16:27:38.057+0000] {logging_mixin.py:188} INFO - [2026-01-12T16:27:38.039+0000] {dagbag.py:540} INFO - Filling up the DagBag from /opt/airflow/dags/etl_medallion_dag.py
[2026-01-12T16:28:07.296+0000] {processor.py:840} INFO - DAG(s) 'etl_medallion_dag' retrieved from /opt/airflow/dags/etl_medallion_dag.py
[2026-01-12T16:28:10.179+0000] {logging_mixin.py:188} INFO - [2026-01-12T16:28:10.134+0000] {dag.py:3096} INFO - Sync 1 DAGs
[2026-01-12T16:28:10.554+0000] {logging_mixin.py:188} INFO - [2026-01-12T16:28:10.545+0000] {dag.py:3954} INFO - Setting next_dagrun for etl_medallion_dag to 2026-01-11 00:00:00+00:00, run_after=2026-01-12 00:00:00+00:00
[2026-01-12T16:28:10.813+0000] {processor.py:183} INFO - Processing /opt/airflow/dags/etl_medallion_dag.py took 33.153 seconds
[2026-01-12T16:29:53.285+0000] {processor.py:161} INFO - Started process (PID=188) to work on /opt/airflow/dags/etl_medallion_dag.py
[2026-01-12T16:29:53.343+0000] {processor.py:830} INFO - Processing file /opt/airflow/dags/etl_medallion_dag.py for tasks to queue
[2026-01-12T16:29:53.422+0000] {logging_mixin.py:188} INFO - [2026-01-12T16:29:53.408+0000] {dagbag.py:540} INFO - Filling up the DagBag from /opt/airflow/dags/etl_medallion_dag.py
[2026-01-12T16:30:13.661+0000] {processor.py:840} INFO - DAG(s) 'etl_medallion_dag' retrieved from /opt/airflow/dags/etl_medallion_dag.py
[2026-01-12T16:30:14.211+0000] {logging_mixin.py:188} INFO - [2026-01-12T16:30:14.201+0000] {dag.py:3096} INFO - Sync 1 DAGs
[2026-01-12T16:30:14.345+0000] {logging_mixin.py:188} INFO - [2026-01-12T16:30:14.343+0000] {dag.py:3954} INFO - Setting next_dagrun for etl_medallion_dag to 2026-01-11 00:00:00+00:00, run_after=2026-01-12 00:00:00+00:00
[2026-01-12T16:30:14.453+0000] {processor.py:183} INFO - Processing /opt/airflow/dags/etl_medallion_dag.py took 21.461 seconds
[2026-01-12T16:30:46.533+0000] {processor.py:161} INFO - Started process (PID=194) to work on /opt/airflow/dags/etl_medallion_dag.py
[2026-01-12T16:30:46.573+0000] {processor.py:830} INFO - Processing file /opt/airflow/dags/etl_medallion_dag.py for tasks to queue
[2026-01-12T16:30:46.683+0000] {logging_mixin.py:188} INFO - [2026-01-12T16:30:46.669+0000] {dagbag.py:540} INFO - Filling up the DagBag from /opt/airflow/dags/etl_medallion_dag.py
[2026-01-12T16:31:10.541+0000] {processor.py:840} INFO - DAG(s) 'etl_medallion_dag' retrieved from /opt/airflow/dags/etl_medallion_dag.py
[2026-01-12T16:31:11.646+0000] {logging_mixin.py:188} INFO - [2026-01-12T16:31:11.630+0000] {dag.py:3096} INFO - Sync 1 DAGs
[2026-01-12T16:31:11.937+0000] {logging_mixin.py:188} INFO - [2026-01-12T16:31:11.936+0000] {dag.py:3954} INFO - Setting next_dagrun for etl_medallion_dag to 2026-01-11 00:00:00+00:00, run_after=2026-01-12 00:00:00+00:00
[2026-01-12T16:31:12.146+0000] {processor.py:183} INFO - Processing /opt/airflow/dags/etl_medallion_dag.py took 25.939 seconds
[2026-01-12T16:31:44.347+0000] {processor.py:161} INFO - Started process (PID=200) to work on /opt/airflow/dags/etl_medallion_dag.py
[2026-01-12T16:31:44.379+0000] {processor.py:830} INFO - Processing file /opt/airflow/dags/etl_medallion_dag.py for tasks to queue
[2026-01-12T16:31:44.475+0000] {logging_mixin.py:188} INFO - [2026-01-12T16:31:44.454+0000] {dagbag.py:540} INFO - Filling up the DagBag from /opt/airflow/dags/etl_medallion_dag.py
[2026-01-12T16:31:59.003+0000] {processor.py:840} INFO - DAG(s) 'etl_medallion_dag' retrieved from /opt/airflow/dags/etl_medallion_dag.py
[2026-01-12T16:31:59.545+0000] {logging_mixin.py:188} INFO - [2026-01-12T16:31:59.540+0000] {dag.py:3096} INFO - Sync 1 DAGs
[2026-01-12T16:31:59.752+0000] {logging_mixin.py:188} INFO - [2026-01-12T16:31:59.751+0000] {dag.py:3954} INFO - Setting next_dagrun for etl_medallion_dag to 2026-01-11 00:00:00+00:00, run_after=2026-01-12 00:00:00+00:00
[2026-01-12T16:31:59.897+0000] {processor.py:183} INFO - Processing /opt/airflow/dags/etl_medallion_dag.py took 15.841 seconds
[2026-01-12T16:32:30.983+0000] {processor.py:161} INFO - Started process (PID=206) to work on /opt/airflow/dags/etl_medallion_dag.py
[2026-01-12T16:32:31.006+0000] {processor.py:830} INFO - Processing file /opt/airflow/dags/etl_medallion_dag.py for tasks to queue
[2026-01-12T16:32:31.085+0000] {logging_mixin.py:188} INFO - [2026-01-12T16:32:31.072+0000] {dagbag.py:540} INFO - Filling up the DagBag from /opt/airflow/dags/etl_medallion_dag.py
[2026-01-12T16:32:45.118+0000] {processor.py:840} INFO - DAG(s) 'etl_medallion_dag' retrieved from /opt/airflow/dags/etl_medallion_dag.py
[2026-01-12T16:32:45.482+0000] {logging_mixin.py:188} INFO - [2026-01-12T16:32:45.480+0000] {dag.py:3096} INFO - Sync 1 DAGs
[2026-01-12T16:32:45.610+0000] {logging_mixin.py:188} INFO - [2026-01-12T16:32:45.609+0000] {dag.py:3954} INFO - Setting next_dagrun for etl_medallion_dag to 2026-01-11 00:00:00+00:00, run_after=2026-01-12 00:00:00+00:00
[2026-01-12T16:32:45.706+0000] {processor.py:183} INFO - Processing /opt/airflow/dags/etl_medallion_dag.py took 14.977 seconds
[2026-01-12T16:33:18.049+0000] {processor.py:161} INFO - Started process (PID=212) to work on /opt/airflow/dags/etl_medallion_dag.py
[2026-01-12T16:33:18.118+0000] {processor.py:830} INFO - Processing file /opt/airflow/dags/etl_medallion_dag.py for tasks to queue
[2026-01-12T16:33:18.292+0000] {logging_mixin.py:188} INFO - [2026-01-12T16:33:18.253+0000] {dagbag.py:540} INFO - Filling up the DagBag from /opt/airflow/dags/etl_medallion_dag.py
[2026-01-12T16:33:48.199+0000] {processor.py:840} INFO - DAG(s) 'etl_medallion_dag' retrieved from /opt/airflow/dags/etl_medallion_dag.py
[2026-01-12T16:33:48.713+0000] {logging_mixin.py:188} INFO - [2026-01-12T16:33:48.703+0000] {dag.py:3096} INFO - Sync 1 DAGs
[2026-01-12T16:33:48.840+0000] {logging_mixin.py:188} INFO - [2026-01-12T16:33:48.839+0000] {dag.py:3954} INFO - Setting next_dagrun for etl_medallion_dag to 2026-01-11 00:00:00+00:00, run_after=2026-01-12 00:00:00+00:00
[2026-01-12T16:33:48.957+0000] {processor.py:183} INFO - Processing /opt/airflow/dags/etl_medallion_dag.py took 31.669 seconds
[2026-01-12T16:34:21.338+0000] {processor.py:161} INFO - Started process (PID=218) to work on /opt/airflow/dags/etl_medallion_dag.py
[2026-01-12T16:34:21.392+0000] {processor.py:830} INFO - Processing file /opt/airflow/dags/etl_medallion_dag.py for tasks to queue
[2026-01-12T16:34:21.523+0000] {logging_mixin.py:188} INFO - [2026-01-12T16:34:21.503+0000] {dagbag.py:540} INFO - Filling up the DagBag from /opt/airflow/dags/etl_medallion_dag.py
[2026-01-12T16:34:51.700+0000] {logging_mixin.py:188} INFO - [2026-01-12T16:34:51.674+0000] {timeout.py:68} ERROR - Process timed out, PID: 218
[2026-01-12T16:35:26.165+0000] {processor.py:161} INFO - Started process (PID=224) to work on /opt/airflow/dags/etl_medallion_dag.py
[2026-01-12T16:35:26.227+0000] {processor.py:830} INFO - Processing file /opt/airflow/dags/etl_medallion_dag.py for tasks to queue
[2026-01-12T16:35:26.271+0000] {logging_mixin.py:188} INFO - [2026-01-12T16:35:26.247+0000] {dagbag.py:540} INFO - Filling up the DagBag from /opt/airflow/dags/etl_medallion_dag.py
[2026-01-12T16:35:53.138+0000] {processor.py:840} INFO - DAG(s) 'etl_medallion_dag' retrieved from /opt/airflow/dags/etl_medallion_dag.py
[2026-01-12T16:35:54.243+0000] {logging_mixin.py:188} INFO - [2026-01-12T16:35:54.239+0000] {dag.py:3096} INFO - Sync 1 DAGs
[2026-01-12T16:35:54.318+0000] {logging_mixin.py:188} INFO - [2026-01-12T16:35:54.317+0000] {dag.py:3954} INFO - Setting next_dagrun for etl_medallion_dag to 2026-01-11 00:00:00+00:00, run_after=2026-01-12 00:00:00+00:00
[2026-01-12T16:35:54.404+0000] {processor.py:183} INFO - Processing /opt/airflow/dags/etl_medallion_dag.py took 28.711 seconds
[2026-01-12T16:36:25.989+0000] {processor.py:161} INFO - Started process (PID=230) to work on /opt/airflow/dags/etl_medallion_dag.py
[2026-01-12T16:36:26.081+0000] {processor.py:830} INFO - Processing file /opt/airflow/dags/etl_medallion_dag.py for tasks to queue
[2026-01-12T16:36:26.116+0000] {logging_mixin.py:188} INFO - [2026-01-12T16:36:26.096+0000] {dagbag.py:540} INFO - Filling up the DagBag from /opt/airflow/dags/etl_medallion_dag.py
[2026-01-12T16:36:57.224+0000] {logging_mixin.py:188} INFO - [2026-01-12T16:36:57.207+0000] {timeout.py:68} ERROR - Process timed out, PID: 230
[2026-01-12T16:36:57.228+0000] {logging_mixin.py:188} WARNING - Exception ignored in: <function WeakKeyDictionary.__init__.<locals>.remove at 0x72fad7205580>
[2026-01-12T16:36:57.229+0000] {logging_mixin.py:188} WARNING - Traceback (most recent call last):
[2026-01-12T16:36:57.230+0000] {logging_mixin.py:188} WARNING -   File "/usr/local/lib/python3.12/weakref.py", line 369, in remove
[2026-01-12T16:36:57.241+0000] {logging_mixin.py:188} WARNING -     def remove(k, selfref=ref(self)):
[2026-01-12T16:36:57.243+0000] {logging_mixin.py:188} WARNING -   File "/home/airflow/.local/lib/python3.12/site-packages/airflow/utils/timeout.py", line 69, in handle_timeout
[2026-01-12T16:36:58.431+0000] {logging_mixin.py:188} WARNING -     raise AirflowTaskTimeout(self.error_message)
[2026-01-12T16:36:58.462+0000] {logging_mixin.py:188} WARNING - airflow.exceptions.AirflowTaskTimeout: DagBag import timeout for /opt/airflow/dags/etl_medallion_dag.py after 30.0s.
Please take a look at these docs to improve your DAG import time:
* https://airflow.apache.org/docs/apache-airflow/2.9.0/best-practices.html#top-level-python-code
* https://airflow.apache.org/docs/apache-airflow/2.9.0/best-practices.html#reducing-dag-complexity, PID: 230
[2026-01-12T16:37:01.324+0000] {processor.py:840} INFO - DAG(s) 'etl_medallion_dag' retrieved from /opt/airflow/dags/etl_medallion_dag.py
[2026-01-12T16:37:02.641+0000] {logging_mixin.py:188} INFO - [2026-01-12T16:37:02.623+0000] {dag.py:3096} INFO - Sync 1 DAGs
[2026-01-12T16:37:03.099+0000] {logging_mixin.py:188} INFO - [2026-01-12T16:37:03.098+0000] {dag.py:3954} INFO - Setting next_dagrun for etl_medallion_dag to 2026-01-11 00:00:00+00:00, run_after=2026-01-12 00:00:00+00:00
[2026-01-12T16:37:03.494+0000] {processor.py:183} INFO - Processing /opt/airflow/dags/etl_medallion_dag.py took 37.858 seconds
[2026-01-12T16:37:35.999+0000] {processor.py:161} INFO - Started process (PID=236) to work on /opt/airflow/dags/etl_medallion_dag.py
[2026-01-12T16:37:36.057+0000] {processor.py:830} INFO - Processing file /opt/airflow/dags/etl_medallion_dag.py for tasks to queue
[2026-01-12T16:37:36.128+0000] {logging_mixin.py:188} INFO - [2026-01-12T16:37:36.086+0000] {dagbag.py:540} INFO - Filling up the DagBag from /opt/airflow/dags/etl_medallion_dag.py
[2026-01-12T16:37:46.563+0000] {processor.py:840} INFO - DAG(s) 'etl_medallion_dag' retrieved from /opt/airflow/dags/etl_medallion_dag.py
[2026-01-12T16:37:46.787+0000] {logging_mixin.py:188} INFO - [2026-01-12T16:37:46.781+0000] {dag.py:3096} INFO - Sync 1 DAGs
[2026-01-12T16:37:46.837+0000] {logging_mixin.py:188} INFO - [2026-01-12T16:37:46.837+0000] {dag.py:3954} INFO - Setting next_dagrun for etl_medallion_dag to 2026-01-11 00:00:00+00:00, run_after=2026-01-12 00:00:00+00:00
[2026-01-12T16:37:46.893+0000] {processor.py:183} INFO - Processing /opt/airflow/dags/etl_medallion_dag.py took 11.354 seconds
[2026-01-12T16:38:19.538+0000] {processor.py:161} INFO - Started process (PID=242) to work on /opt/airflow/dags/etl_medallion_dag.py
[2026-01-12T16:38:19.587+0000] {processor.py:830} INFO - Processing file /opt/airflow/dags/etl_medallion_dag.py for tasks to queue
[2026-01-12T16:38:19.659+0000] {logging_mixin.py:188} INFO - [2026-01-12T16:38:19.634+0000] {dagbag.py:540} INFO - Filling up the DagBag from /opt/airflow/dags/etl_medallion_dag.py
[2026-01-12T16:38:49.718+0000] {logging_mixin.py:188} INFO - [2026-01-12T16:38:49.666+0000] {timeout.py:68} ERROR - Process timed out, PID: 242
[2026-01-12T16:39:20.917+0000] {processor.py:161} INFO - Started process (PID=248) to work on /opt/airflow/dags/etl_medallion_dag.py
[2026-01-12T16:39:20.939+0000] {processor.py:830} INFO - Processing file /opt/airflow/dags/etl_medallion_dag.py for tasks to queue
[2026-01-12T16:39:20.965+0000] {logging_mixin.py:188} INFO - [2026-01-12T16:39:20.951+0000] {dagbag.py:540} INFO - Filling up the DagBag from /opt/airflow/dags/etl_medallion_dag.py
[2026-01-12T16:39:37.884+0000] {processor.py:840} INFO - DAG(s) 'etl_medallion_dag' retrieved from /opt/airflow/dags/etl_medallion_dag.py
[2026-01-12T16:39:38.888+0000] {logging_mixin.py:188} INFO - [2026-01-12T16:39:38.879+0000] {dag.py:3096} INFO - Sync 1 DAGs
[2026-01-12T16:39:39.012+0000] {logging_mixin.py:188} INFO - [2026-01-12T16:39:39.011+0000] {dag.py:3954} INFO - Setting next_dagrun for etl_medallion_dag to 2026-01-11 00:00:00+00:00, run_after=2026-01-12 00:00:00+00:00
[2026-01-12T16:39:39.213+0000] {processor.py:183} INFO - Processing /opt/airflow/dags/etl_medallion_dag.py took 18.534 seconds
[2026-01-12T16:40:10.235+0000] {processor.py:161} INFO - Started process (PID=254) to work on /opt/airflow/dags/etl_medallion_dag.py
[2026-01-12T16:40:10.262+0000] {processor.py:830} INFO - Processing file /opt/airflow/dags/etl_medallion_dag.py for tasks to queue
[2026-01-12T16:40:10.292+0000] {logging_mixin.py:188} INFO - [2026-01-12T16:40:10.273+0000] {dagbag.py:540} INFO - Filling up the DagBag from /opt/airflow/dags/etl_medallion_dag.py
[2026-01-12T16:40:19.664+0000] {processor.py:840} INFO - DAG(s) 'etl_medallion_dag' retrieved from /opt/airflow/dags/etl_medallion_dag.py
[2026-01-12T16:40:19.925+0000] {logging_mixin.py:188} INFO - [2026-01-12T16:40:19.923+0000] {dag.py:3096} INFO - Sync 1 DAGs
[2026-01-12T16:40:19.991+0000] {logging_mixin.py:188} INFO - [2026-01-12T16:40:19.990+0000] {dag.py:3954} INFO - Setting next_dagrun for etl_medallion_dag to 2026-01-11 00:00:00+00:00, run_after=2026-01-12 00:00:00+00:00
[2026-01-12T16:40:20.054+0000] {processor.py:183} INFO - Processing /opt/airflow/dags/etl_medallion_dag.py took 9.993 seconds
[2026-01-12T16:40:50.877+0000] {processor.py:161} INFO - Started process (PID=260) to work on /opt/airflow/dags/etl_medallion_dag.py
[2026-01-12T16:40:50.890+0000] {processor.py:830} INFO - Processing file /opt/airflow/dags/etl_medallion_dag.py for tasks to queue
[2026-01-12T16:40:50.912+0000] {logging_mixin.py:188} INFO - [2026-01-12T16:40:50.901+0000] {dagbag.py:540} INFO - Filling up the DagBag from /opt/airflow/dags/etl_medallion_dag.py
[2026-01-12T16:41:00.013+0000] {processor.py:840} INFO - DAG(s) 'etl_medallion_dag' retrieved from /opt/airflow/dags/etl_medallion_dag.py
[2026-01-12T16:41:00.348+0000] {logging_mixin.py:188} INFO - [2026-01-12T16:41:00.346+0000] {dag.py:3096} INFO - Sync 1 DAGs
[2026-01-12T16:41:00.420+0000] {logging_mixin.py:188} INFO - [2026-01-12T16:41:00.419+0000] {dag.py:3954} INFO - Setting next_dagrun for etl_medallion_dag to 2026-01-11 00:00:00+00:00, run_after=2026-01-12 00:00:00+00:00
[2026-01-12T16:41:00.481+0000] {processor.py:183} INFO - Processing /opt/airflow/dags/etl_medallion_dag.py took 9.737 seconds
[2026-01-12T16:41:31.664+0000] {processor.py:161} INFO - Started process (PID=266) to work on /opt/airflow/dags/etl_medallion_dag.py
[2026-01-12T16:41:31.695+0000] {processor.py:830} INFO - Processing file /opt/airflow/dags/etl_medallion_dag.py for tasks to queue
[2026-01-12T16:41:31.719+0000] {logging_mixin.py:188} INFO - [2026-01-12T16:41:31.708+0000] {dagbag.py:540} INFO - Filling up the DagBag from /opt/airflow/dags/etl_medallion_dag.py
[2026-01-12T16:41:41.619+0000] {processor.py:840} INFO - DAG(s) 'etl_medallion_dag' retrieved from /opt/airflow/dags/etl_medallion_dag.py
[2026-01-12T16:41:41.763+0000] {logging_mixin.py:188} INFO - [2026-01-12T16:41:41.762+0000] {dag.py:3096} INFO - Sync 1 DAGs
[2026-01-12T16:41:41.857+0000] {logging_mixin.py:188} INFO - [2026-01-12T16:41:41.855+0000] {dag.py:3954} INFO - Setting next_dagrun for etl_medallion_dag to 2026-01-11 00:00:00+00:00, run_after=2026-01-12 00:00:00+00:00
[2026-01-12T16:41:41.951+0000] {processor.py:183} INFO - Processing /opt/airflow/dags/etl_medallion_dag.py took 10.513 seconds
[2026-01-12T16:42:13.472+0000] {processor.py:161} INFO - Started process (PID=290) to work on /opt/airflow/dags/etl_medallion_dag.py
[2026-01-12T16:42:13.508+0000] {processor.py:830} INFO - Processing file /opt/airflow/dags/etl_medallion_dag.py for tasks to queue
[2026-01-12T16:42:13.549+0000] {logging_mixin.py:188} INFO - [2026-01-12T16:42:13.525+0000] {dagbag.py:540} INFO - Filling up the DagBag from /opt/airflow/dags/etl_medallion_dag.py
[2026-01-12T16:42:23.311+0000] {processor.py:840} INFO - DAG(s) 'etl_medallion_dag' retrieved from /opt/airflow/dags/etl_medallion_dag.py
[2026-01-12T16:42:23.462+0000] {logging_mixin.py:188} INFO - [2026-01-12T16:42:23.461+0000] {dag.py:3096} INFO - Sync 1 DAGs
[2026-01-12T16:42:23.508+0000] {logging_mixin.py:188} INFO - [2026-01-12T16:42:23.508+0000] {dag.py:3954} INFO - Setting next_dagrun for etl_medallion_dag to 2026-01-11 00:00:00+00:00, run_after=2026-01-12 00:00:00+00:00
[2026-01-12T16:42:23.554+0000] {processor.py:183} INFO - Processing /opt/airflow/dags/etl_medallion_dag.py took 10.420 seconds
[2026-01-12T16:42:54.956+0000] {processor.py:161} INFO - Started process (PID=303) to work on /opt/airflow/dags/etl_medallion_dag.py
[2026-01-12T16:42:54.985+0000] {processor.py:830} INFO - Processing file /opt/airflow/dags/etl_medallion_dag.py for tasks to queue
[2026-01-12T16:42:55.011+0000] {logging_mixin.py:188} INFO - [2026-01-12T16:42:54.997+0000] {dagbag.py:540} INFO - Filling up the DagBag from /opt/airflow/dags/etl_medallion_dag.py
[2026-01-12T16:43:04.821+0000] {processor.py:840} INFO - DAG(s) 'etl_medallion_dag' retrieved from /opt/airflow/dags/etl_medallion_dag.py
[2026-01-12T16:43:05.056+0000] {logging_mixin.py:188} INFO - [2026-01-12T16:43:05.053+0000] {dag.py:3096} INFO - Sync 1 DAGs
[2026-01-12T16:43:05.146+0000] {logging_mixin.py:188} INFO - [2026-01-12T16:43:05.145+0000] {dag.py:3954} INFO - Setting next_dagrun for etl_medallion_dag to 2026-01-11 00:00:00+00:00, run_after=2026-01-12 00:00:00+00:00
[2026-01-12T16:43:05.241+0000] {processor.py:183} INFO - Processing /opt/airflow/dags/etl_medallion_dag.py took 10.519 seconds
[2026-01-12T16:43:37.023+0000] {processor.py:161} INFO - Started process (PID=315) to work on /opt/airflow/dags/etl_medallion_dag.py
[2026-01-12T16:43:37.081+0000] {processor.py:830} INFO - Processing file /opt/airflow/dags/etl_medallion_dag.py for tasks to queue
[2026-01-12T16:43:37.128+0000] {logging_mixin.py:188} INFO - [2026-01-12T16:43:37.101+0000] {dagbag.py:540} INFO - Filling up the DagBag from /opt/airflow/dags/etl_medallion_dag.py
[2026-01-12T16:43:52.661+0000] {processor.py:840} INFO - DAG(s) 'etl_medallion_dag' retrieved from /opt/airflow/dags/etl_medallion_dag.py
[2026-01-12T16:43:54.297+0000] {logging_mixin.py:188} INFO - [2026-01-12T16:43:54.284+0000] {dag.py:3096} INFO - Sync 1 DAGs
[2026-01-12T16:43:54.451+0000] {logging_mixin.py:188} INFO - [2026-01-12T16:43:54.450+0000] {dag.py:3954} INFO - Setting next_dagrun for etl_medallion_dag to 2026-01-11 00:00:00+00:00, run_after=2026-01-12 00:00:00+00:00
[2026-01-12T16:43:54.539+0000] {processor.py:183} INFO - Processing /opt/airflow/dags/etl_medallion_dag.py took 17.923 seconds
[2026-01-12T16:44:26.073+0000] {processor.py:161} INFO - Started process (PID=321) to work on /opt/airflow/dags/etl_medallion_dag.py
[2026-01-12T16:44:26.094+0000] {processor.py:830} INFO - Processing file /opt/airflow/dags/etl_medallion_dag.py for tasks to queue
[2026-01-12T16:44:26.127+0000] {logging_mixin.py:188} INFO - [2026-01-12T16:44:26.108+0000] {dagbag.py:540} INFO - Filling up the DagBag from /opt/airflow/dags/etl_medallion_dag.py
[2026-01-12T16:44:36.491+0000] {processor.py:840} INFO - DAG(s) 'etl_medallion_dag' retrieved from /opt/airflow/dags/etl_medallion_dag.py
[2026-01-12T16:44:37.017+0000] {logging_mixin.py:188} INFO - [2026-01-12T16:44:37.009+0000] {dag.py:3096} INFO - Sync 1 DAGs
[2026-01-12T16:44:37.200+0000] {logging_mixin.py:188} INFO - [2026-01-12T16:44:37.199+0000] {dag.py:3954} INFO - Setting next_dagrun for etl_medallion_dag to 2026-01-11 00:00:00+00:00, run_after=2026-01-12 00:00:00+00:00
[2026-01-12T16:44:37.328+0000] {processor.py:183} INFO - Processing /opt/airflow/dags/etl_medallion_dag.py took 11.514 seconds
[2026-01-12T16:45:08.993+0000] {processor.py:161} INFO - Started process (PID=327) to work on /opt/airflow/dags/etl_medallion_dag.py
[2026-01-12T16:45:09.000+0000] {processor.py:830} INFO - Processing file /opt/airflow/dags/etl_medallion_dag.py for tasks to queue
[2026-01-12T16:45:09.029+0000] {logging_mixin.py:188} INFO - [2026-01-12T16:45:09.013+0000] {dagbag.py:540} INFO - Filling up the DagBag from /opt/airflow/dags/etl_medallion_dag.py
[2026-01-12T16:45:20.665+0000] {processor.py:840} INFO - DAG(s) 'etl_medallion_dag' retrieved from /opt/airflow/dags/etl_medallion_dag.py
[2026-01-12T16:45:21.099+0000] {logging_mixin.py:188} INFO - [2026-01-12T16:45:21.093+0000] {dag.py:3096} INFO - Sync 1 DAGs
[2026-01-12T16:45:21.233+0000] {logging_mixin.py:188} INFO - [2026-01-12T16:45:21.232+0000] {dag.py:3954} INFO - Setting next_dagrun for etl_medallion_dag to 2026-01-11 00:00:00+00:00, run_after=2026-01-12 00:00:00+00:00
[2026-01-12T16:45:21.348+0000] {processor.py:183} INFO - Processing /opt/airflow/dags/etl_medallion_dag.py took 12.515 seconds
[2026-01-12T16:45:52.783+0000] {processor.py:161} INFO - Started process (PID=333) to work on /opt/airflow/dags/etl_medallion_dag.py
[2026-01-12T16:45:52.810+0000] {processor.py:830} INFO - Processing file /opt/airflow/dags/etl_medallion_dag.py for tasks to queue
[2026-01-12T16:45:52.838+0000] {logging_mixin.py:188} INFO - [2026-01-12T16:45:52.822+0000] {dagbag.py:540} INFO - Filling up the DagBag from /opt/airflow/dags/etl_medallion_dag.py
[2026-01-12T16:46:04.279+0000] {processor.py:840} INFO - DAG(s) 'etl_medallion_dag' retrieved from /opt/airflow/dags/etl_medallion_dag.py
[2026-01-12T16:46:04.546+0000] {logging_mixin.py:188} INFO - [2026-01-12T16:46:04.542+0000] {dag.py:3096} INFO - Sync 1 DAGs
[2026-01-12T16:46:04.616+0000] {logging_mixin.py:188} INFO - [2026-01-12T16:46:04.616+0000] {dag.py:3954} INFO - Setting next_dagrun for etl_medallion_dag to 2026-01-11 00:00:00+00:00, run_after=2026-01-12 00:00:00+00:00
[2026-01-12T16:46:04.675+0000] {processor.py:183} INFO - Processing /opt/airflow/dags/etl_medallion_dag.py took 12.116 seconds
[2026-01-12T16:46:36.497+0000] {processor.py:161} INFO - Started process (PID=339) to work on /opt/airflow/dags/etl_medallion_dag.py
[2026-01-12T16:46:36.538+0000] {processor.py:830} INFO - Processing file /opt/airflow/dags/etl_medallion_dag.py for tasks to queue
[2026-01-12T16:46:36.572+0000] {logging_mixin.py:188} INFO - [2026-01-12T16:46:36.553+0000] {dagbag.py:540} INFO - Filling up the DagBag from /opt/airflow/dags/etl_medallion_dag.py
[2026-01-12T16:46:47.744+0000] {processor.py:840} INFO - DAG(s) 'etl_medallion_dag' retrieved from /opt/airflow/dags/etl_medallion_dag.py
[2026-01-12T16:46:48.082+0000] {logging_mixin.py:188} INFO - [2026-01-12T16:46:48.076+0000] {dag.py:3096} INFO - Sync 1 DAGs
[2026-01-12T16:46:48.154+0000] {logging_mixin.py:188} INFO - [2026-01-12T16:46:48.154+0000] {dag.py:3954} INFO - Setting next_dagrun for etl_medallion_dag to 2026-01-11 00:00:00+00:00, run_after=2026-01-12 00:00:00+00:00
[2026-01-12T16:46:48.238+0000] {processor.py:183} INFO - Processing /opt/airflow/dags/etl_medallion_dag.py took 12.254 seconds
[2026-01-12T16:47:19.518+0000] {processor.py:161} INFO - Started process (PID=364) to work on /opt/airflow/dags/etl_medallion_dag.py
[2026-01-12T16:47:19.528+0000] {processor.py:830} INFO - Processing file /opt/airflow/dags/etl_medallion_dag.py for tasks to queue
[2026-01-12T16:47:19.557+0000] {logging_mixin.py:188} INFO - [2026-01-12T16:47:19.540+0000] {dagbag.py:540} INFO - Filling up the DagBag from /opt/airflow/dags/etl_medallion_dag.py
[2026-01-12T16:47:30.270+0000] {processor.py:840} INFO - DAG(s) 'etl_medallion_dag' retrieved from /opt/airflow/dags/etl_medallion_dag.py
[2026-01-12T16:47:30.635+0000] {logging_mixin.py:188} INFO - [2026-01-12T16:47:30.629+0000] {dag.py:3096} INFO - Sync 1 DAGs
[2026-01-12T16:47:30.722+0000] {logging_mixin.py:188} INFO - [2026-01-12T16:47:30.721+0000] {dag.py:3954} INFO - Setting next_dagrun for etl_medallion_dag to 2026-01-11 00:00:00+00:00, run_after=2026-01-12 00:00:00+00:00
[2026-01-12T16:47:30.795+0000] {processor.py:183} INFO - Processing /opt/airflow/dags/etl_medallion_dag.py took 11.452 seconds
[2026-01-12T16:48:03.749+0000] {processor.py:161} INFO - Started process (PID=401) to work on /opt/airflow/dags/etl_medallion_dag.py
[2026-01-12T16:48:03.865+0000] {processor.py:830} INFO - Processing file /opt/airflow/dags/etl_medallion_dag.py for tasks to queue
[2026-01-12T16:48:03.950+0000] {logging_mixin.py:188} INFO - [2026-01-12T16:48:03.891+0000] {dagbag.py:540} INFO - Filling up the DagBag from /opt/airflow/dags/etl_medallion_dag.py
[2026-01-12T16:48:22.482+0000] {processor.py:840} INFO - DAG(s) 'etl_medallion_dag' retrieved from /opt/airflow/dags/etl_medallion_dag.py
[2026-01-12T16:48:23.055+0000] {logging_mixin.py:188} INFO - [2026-01-12T16:48:23.043+0000] {dag.py:3096} INFO - Sync 1 DAGs
[2026-01-12T16:48:23.217+0000] {logging_mixin.py:188} INFO - [2026-01-12T16:48:23.216+0000] {dag.py:3954} INFO - Setting next_dagrun for etl_medallion_dag to 2026-01-11 00:00:00+00:00, run_after=2026-01-12 00:00:00+00:00
[2026-01-12T16:48:23.440+0000] {processor.py:183} INFO - Processing /opt/airflow/dags/etl_medallion_dag.py took 20.344 seconds
[2026-01-12T16:48:56.196+0000] {processor.py:161} INFO - Started process (PID=407) to work on /opt/airflow/dags/etl_medallion_dag.py
[2026-01-12T16:48:56.258+0000] {processor.py:830} INFO - Processing file /opt/airflow/dags/etl_medallion_dag.py for tasks to queue
[2026-01-12T16:48:56.312+0000] {logging_mixin.py:188} INFO - [2026-01-12T16:48:56.279+0000] {dagbag.py:540} INFO - Filling up the DagBag from /opt/airflow/dags/etl_medallion_dag.py
[2026-01-12T16:49:12.338+0000] {processor.py:840} INFO - DAG(s) 'etl_medallion_dag' retrieved from /opt/airflow/dags/etl_medallion_dag.py
[2026-01-12T16:49:12.828+0000] {logging_mixin.py:188} INFO - [2026-01-12T16:49:12.826+0000] {dag.py:3096} INFO - Sync 1 DAGs
[2026-01-12T16:49:13.190+0000] {logging_mixin.py:188} INFO - [2026-01-12T16:49:13.188+0000] {dag.py:3954} INFO - Setting next_dagrun for etl_medallion_dag to 2026-01-11 00:00:00+00:00, run_after=2026-01-12 00:00:00+00:00
[2026-01-12T16:49:13.457+0000] {processor.py:183} INFO - Processing /opt/airflow/dags/etl_medallion_dag.py took 17.864 seconds
[2026-01-12T16:49:44.580+0000] {processor.py:161} INFO - Started process (PID=413) to work on /opt/airflow/dags/etl_medallion_dag.py
[2026-01-12T16:49:44.589+0000] {processor.py:830} INFO - Processing file /opt/airflow/dags/etl_medallion_dag.py for tasks to queue
[2026-01-12T16:49:44.613+0000] {logging_mixin.py:188} INFO - [2026-01-12T16:49:44.596+0000] {dagbag.py:540} INFO - Filling up the DagBag from /opt/airflow/dags/etl_medallion_dag.py
[2026-01-12T16:49:55.870+0000] {processor.py:840} INFO - DAG(s) 'etl_medallion_dag' retrieved from /opt/airflow/dags/etl_medallion_dag.py
[2026-01-12T16:49:56.510+0000] {logging_mixin.py:188} INFO - [2026-01-12T16:49:56.509+0000] {dag.py:3096} INFO - Sync 1 DAGs
[2026-01-12T16:49:56.642+0000] {logging_mixin.py:188} INFO - [2026-01-12T16:49:56.642+0000] {dag.py:3954} INFO - Setting next_dagrun for etl_medallion_dag to 2026-01-11 00:00:00+00:00, run_after=2026-01-12 00:00:00+00:00
[2026-01-12T16:49:56.740+0000] {processor.py:183} INFO - Processing /opt/airflow/dags/etl_medallion_dag.py took 12.341 seconds
[2026-01-12T16:50:28.762+0000] {processor.py:161} INFO - Started process (PID=419) to work on /opt/airflow/dags/etl_medallion_dag.py
[2026-01-12T16:50:28.792+0000] {processor.py:830} INFO - Processing file /opt/airflow/dags/etl_medallion_dag.py for tasks to queue
[2026-01-12T16:50:28.839+0000] {logging_mixin.py:188} INFO - [2026-01-12T16:50:28.809+0000] {dagbag.py:540} INFO - Filling up the DagBag from /opt/airflow/dags/etl_medallion_dag.py
[2026-01-12T16:50:46.534+0000] {processor.py:840} INFO - DAG(s) 'etl_medallion_dag' retrieved from /opt/airflow/dags/etl_medallion_dag.py
[2026-01-12T16:50:47.256+0000] {logging_mixin.py:188} INFO - [2026-01-12T16:50:47.244+0000] {dag.py:3096} INFO - Sync 1 DAGs
[2026-01-12T16:50:47.470+0000] {logging_mixin.py:188} INFO - [2026-01-12T16:50:47.469+0000] {dag.py:3954} INFO - Setting next_dagrun for etl_medallion_dag to 2026-01-11 00:00:00+00:00, run_after=2026-01-12 00:00:00+00:00
[2026-01-12T16:50:47.621+0000] {processor.py:183} INFO - Processing /opt/airflow/dags/etl_medallion_dag.py took 19.152 seconds
[2026-01-12T16:51:19.384+0000] {processor.py:161} INFO - Started process (PID=425) to work on /opt/airflow/dags/etl_medallion_dag.py
[2026-01-12T16:51:19.426+0000] {processor.py:830} INFO - Processing file /opt/airflow/dags/etl_medallion_dag.py for tasks to queue
[2026-01-12T16:51:19.472+0000] {logging_mixin.py:188} INFO - [2026-01-12T16:51:19.446+0000] {dagbag.py:540} INFO - Filling up the DagBag from /opt/airflow/dags/etl_medallion_dag.py
[2026-01-12T16:51:32.182+0000] {processor.py:840} INFO - DAG(s) 'etl_medallion_dag' retrieved from /opt/airflow/dags/etl_medallion_dag.py
[2026-01-12T16:51:32.794+0000] {logging_mixin.py:188} INFO - [2026-01-12T16:51:32.786+0000] {dag.py:3096} INFO - Sync 1 DAGs
[2026-01-12T16:51:33.000+0000] {logging_mixin.py:188} INFO - [2026-01-12T16:51:32.999+0000] {dag.py:3954} INFO - Setting next_dagrun for etl_medallion_dag to 2026-01-11 00:00:00+00:00, run_after=2026-01-12 00:00:00+00:00
[2026-01-12T16:51:33.103+0000] {processor.py:183} INFO - Processing /opt/airflow/dags/etl_medallion_dag.py took 14.041 seconds
[2026-01-12T16:52:05.569+0000] {processor.py:161} INFO - Started process (PID=432) to work on /opt/airflow/dags/etl_medallion_dag.py
[2026-01-12T16:52:05.649+0000] {processor.py:830} INFO - Processing file /opt/airflow/dags/etl_medallion_dag.py for tasks to queue
[2026-01-12T16:52:05.689+0000] {logging_mixin.py:188} INFO - [2026-01-12T16:52:05.667+0000] {dagbag.py:540} INFO - Filling up the DagBag from /opt/airflow/dags/etl_medallion_dag.py
[2026-01-12T16:52:24.324+0000] {processor.py:840} INFO - DAG(s) 'etl_medallion_dag' retrieved from /opt/airflow/dags/etl_medallion_dag.py
[2026-01-12T16:52:24.666+0000] {logging_mixin.py:188} INFO - [2026-01-12T16:52:24.659+0000] {dag.py:3096} INFO - Sync 1 DAGs
[2026-01-12T16:52:24.764+0000] {logging_mixin.py:188} INFO - [2026-01-12T16:52:24.764+0000] {dag.py:3954} INFO - Setting next_dagrun for etl_medallion_dag to 2026-01-11 00:00:00+00:00, run_after=2026-01-12 00:00:00+00:00
[2026-01-12T16:52:24.839+0000] {processor.py:183} INFO - Processing /opt/airflow/dags/etl_medallion_dag.py took 19.789 seconds
[2026-01-12T16:52:55.973+0000] {processor.py:161} INFO - Started process (PID=459) to work on /opt/airflow/dags/etl_medallion_dag.py
[2026-01-12T16:52:55.981+0000] {processor.py:830} INFO - Processing file /opt/airflow/dags/etl_medallion_dag.py for tasks to queue
[2026-01-12T16:52:56.012+0000] {logging_mixin.py:188} INFO - [2026-01-12T16:52:55.995+0000] {dagbag.py:540} INFO - Filling up the DagBag from /opt/airflow/dags/etl_medallion_dag.py
[2026-01-12T16:53:22.609+0000] {processor.py:840} INFO - DAG(s) 'etl_medallion_dag' retrieved from /opt/airflow/dags/etl_medallion_dag.py
[2026-01-12T16:53:23.546+0000] {logging_mixin.py:188} INFO - [2026-01-12T16:53:23.530+0000] {dag.py:3096} INFO - Sync 1 DAGs
[2026-01-12T16:53:23.829+0000] {logging_mixin.py:188} INFO - [2026-01-12T16:53:23.826+0000] {dag.py:3954} INFO - Setting next_dagrun for etl_medallion_dag to 2026-01-11 00:00:00+00:00, run_after=2026-01-12 00:00:00+00:00
[2026-01-12T16:53:24.014+0000] {processor.py:183} INFO - Processing /opt/airflow/dags/etl_medallion_dag.py took 28.275 seconds
[2026-01-12T16:53:55.863+0000] {processor.py:161} INFO - Started process (PID=465) to work on /opt/airflow/dags/etl_medallion_dag.py
[2026-01-12T16:53:55.894+0000] {processor.py:830} INFO - Processing file /opt/airflow/dags/etl_medallion_dag.py for tasks to queue
[2026-01-12T16:53:55.930+0000] {logging_mixin.py:188} INFO - [2026-01-12T16:53:55.909+0000] {dagbag.py:540} INFO - Filling up the DagBag from /opt/airflow/dags/etl_medallion_dag.py
[2026-01-12T16:54:13.927+0000] {processor.py:840} INFO - DAG(s) 'etl_medallion_dag' retrieved from /opt/airflow/dags/etl_medallion_dag.py
[2026-01-12T16:54:14.462+0000] {logging_mixin.py:188} INFO - [2026-01-12T16:54:14.452+0000] {dag.py:3096} INFO - Sync 1 DAGs
[2026-01-12T16:54:14.615+0000] {logging_mixin.py:188} INFO - [2026-01-12T16:54:14.614+0000] {dag.py:3954} INFO - Setting next_dagrun for etl_medallion_dag to 2026-01-11 00:00:00+00:00, run_after=2026-01-12 00:00:00+00:00
[2026-01-12T16:54:14.740+0000] {processor.py:183} INFO - Processing /opt/airflow/dags/etl_medallion_dag.py took 19.203 seconds
[2026-01-12T16:54:46.876+0000] {processor.py:161} INFO - Started process (PID=471) to work on /opt/airflow/dags/etl_medallion_dag.py
[2026-01-12T16:54:46.890+0000] {processor.py:830} INFO - Processing file /opt/airflow/dags/etl_medallion_dag.py for tasks to queue
[2026-01-12T16:54:46.921+0000] {logging_mixin.py:188} INFO - [2026-01-12T16:54:46.903+0000] {dagbag.py:540} INFO - Filling up the DagBag from /opt/airflow/dags/etl_medallion_dag.py
[2026-01-12T16:55:17.285+0000] {logging_mixin.py:188} INFO - [2026-01-12T16:55:17.035+0000] {timeout.py:68} ERROR - Process timed out, PID: 471
[2026-01-12T16:55:50.880+0000] {processor.py:161} INFO - Started process (PID=477) to work on /opt/airflow/dags/etl_medallion_dag.py
[2026-01-12T16:55:50.890+0000] {processor.py:830} INFO - Processing file /opt/airflow/dags/etl_medallion_dag.py for tasks to queue
[2026-01-12T16:55:50.931+0000] {logging_mixin.py:188} INFO - [2026-01-12T16:55:50.905+0000] {dagbag.py:540} INFO - Filling up the DagBag from /opt/airflow/dags/etl_medallion_dag.py
[2026-01-12T16:56:11.898+0000] {processor.py:840} INFO - DAG(s) 'etl_medallion_dag' retrieved from /opt/airflow/dags/etl_medallion_dag.py
[2026-01-12T16:56:13.474+0000] {logging_mixin.py:188} INFO - [2026-01-12T16:56:13.467+0000] {dag.py:3096} INFO - Sync 1 DAGs
[2026-01-12T16:56:13.616+0000] {logging_mixin.py:188} INFO - [2026-01-12T16:56:13.615+0000] {dag.py:3954} INFO - Setting next_dagrun for etl_medallion_dag to 2026-01-11 00:00:00+00:00, run_after=2026-01-12 00:00:00+00:00
[2026-01-12T16:56:13.720+0000] {processor.py:183} INFO - Processing /opt/airflow/dags/etl_medallion_dag.py took 23.299 seconds
[2026-01-12T16:56:45.366+0000] {processor.py:161} INFO - Started process (PID=501) to work on /opt/airflow/dags/etl_medallion_dag.py
[2026-01-12T16:56:45.409+0000] {processor.py:830} INFO - Processing file /opt/airflow/dags/etl_medallion_dag.py for tasks to queue
[2026-01-12T16:56:45.447+0000] {logging_mixin.py:188} INFO - [2026-01-12T16:56:45.426+0000] {dagbag.py:540} INFO - Filling up the DagBag from /opt/airflow/dags/etl_medallion_dag.py
[2026-01-12T16:56:54.951+0000] {processor.py:840} INFO - DAG(s) 'etl_medallion_dag' retrieved from /opt/airflow/dags/etl_medallion_dag.py
[2026-01-12T16:56:55.306+0000] {logging_mixin.py:188} INFO - [2026-01-12T16:56:55.304+0000] {dag.py:3096} INFO - Sync 1 DAGs
[2026-01-12T16:56:55.481+0000] {logging_mixin.py:188} INFO - [2026-01-12T16:56:55.481+0000] {dag.py:3954} INFO - Setting next_dagrun for etl_medallion_dag to 2026-01-11 00:00:00+00:00, run_after=2026-01-12 00:00:00+00:00
[2026-01-12T16:56:55.574+0000] {processor.py:183} INFO - Processing /opt/airflow/dags/etl_medallion_dag.py took 10.522 seconds
[2026-01-12T16:57:27.603+0000] {processor.py:161} INFO - Started process (PID=525) to work on /opt/airflow/dags/etl_medallion_dag.py
[2026-01-12T16:57:27.635+0000] {processor.py:830} INFO - Processing file /opt/airflow/dags/etl_medallion_dag.py for tasks to queue
[2026-01-12T16:57:27.685+0000] {logging_mixin.py:188} INFO - [2026-01-12T16:57:27.655+0000] {dagbag.py:540} INFO - Filling up the DagBag from /opt/airflow/dags/etl_medallion_dag.py
[2026-01-12T16:57:37.088+0000] {processor.py:840} INFO - DAG(s) 'etl_medallion_dag' retrieved from /opt/airflow/dags/etl_medallion_dag.py
[2026-01-12T16:57:37.603+0000] {logging_mixin.py:188} INFO - [2026-01-12T16:57:37.597+0000] {dag.py:3096} INFO - Sync 1 DAGs
[2026-01-12T16:57:37.746+0000] {logging_mixin.py:188} INFO - [2026-01-12T16:57:37.745+0000] {dag.py:3954} INFO - Setting next_dagrun for etl_medallion_dag to 2026-01-11 00:00:00+00:00, run_after=2026-01-12 00:00:00+00:00
[2026-01-12T16:57:37.847+0000] {processor.py:183} INFO - Processing /opt/airflow/dags/etl_medallion_dag.py took 10.803 seconds
[2026-01-12T16:58:09.182+0000] {processor.py:161} INFO - Started process (PID=549) to work on /opt/airflow/dags/etl_medallion_dag.py
[2026-01-12T16:58:09.201+0000] {processor.py:830} INFO - Processing file /opt/airflow/dags/etl_medallion_dag.py for tasks to queue
[2026-01-12T16:58:09.226+0000] {logging_mixin.py:188} INFO - [2026-01-12T16:58:09.212+0000] {dagbag.py:540} INFO - Filling up the DagBag from /opt/airflow/dags/etl_medallion_dag.py
[2026-01-12T16:58:19.363+0000] {processor.py:840} INFO - DAG(s) 'etl_medallion_dag' retrieved from /opt/airflow/dags/etl_medallion_dag.py
[2026-01-12T16:58:19.531+0000] {logging_mixin.py:188} INFO - [2026-01-12T16:58:19.530+0000] {dag.py:3096} INFO - Sync 1 DAGs
[2026-01-12T16:58:19.594+0000] {logging_mixin.py:188} INFO - [2026-01-12T16:58:19.594+0000] {dag.py:3954} INFO - Setting next_dagrun for etl_medallion_dag to 2026-01-11 00:00:00+00:00, run_after=2026-01-12 00:00:00+00:00
[2026-01-12T16:58:19.658+0000] {processor.py:183} INFO - Processing /opt/airflow/dags/etl_medallion_dag.py took 10.761 seconds
[2026-01-12T16:58:51.199+0000] {processor.py:161} INFO - Started process (PID=555) to work on /opt/airflow/dags/etl_medallion_dag.py
[2026-01-12T16:58:51.248+0000] {processor.py:830} INFO - Processing file /opt/airflow/dags/etl_medallion_dag.py for tasks to queue
[2026-01-12T16:58:51.294+0000] {logging_mixin.py:188} INFO - [2026-01-12T16:58:51.271+0000] {dagbag.py:540} INFO - Filling up the DagBag from /opt/airflow/dags/etl_medallion_dag.py
[2026-01-12T16:59:03.935+0000] {processor.py:840} INFO - DAG(s) 'etl_medallion_dag' retrieved from /opt/airflow/dags/etl_medallion_dag.py
[2026-01-12T16:59:04.998+0000] {logging_mixin.py:188} INFO - [2026-01-12T16:59:04.957+0000] {dag.py:3096} INFO - Sync 1 DAGs
[2026-01-12T16:59:05.423+0000] {logging_mixin.py:188} INFO - [2026-01-12T16:59:05.422+0000] {dag.py:3954} INFO - Setting next_dagrun for etl_medallion_dag to 2026-01-11 00:00:00+00:00, run_after=2026-01-12 00:00:00+00:00
[2026-01-12T16:59:05.578+0000] {processor.py:183} INFO - Processing /opt/airflow/dags/etl_medallion_dag.py took 14.857 seconds
[2026-01-12T16:59:37.117+0000] {processor.py:161} INFO - Started process (PID=564) to work on /opt/airflow/dags/etl_medallion_dag.py
[2026-01-12T16:59:37.134+0000] {processor.py:830} INFO - Processing file /opt/airflow/dags/etl_medallion_dag.py for tasks to queue
[2026-01-12T16:59:37.186+0000] {logging_mixin.py:188} INFO - [2026-01-12T16:59:37.154+0000] {dagbag.py:540} INFO - Filling up the DagBag from /opt/airflow/dags/etl_medallion_dag.py
[2026-01-12T16:59:50.692+0000] {processor.py:840} INFO - DAG(s) 'etl_medallion_dag' retrieved from /opt/airflow/dags/etl_medallion_dag.py
[2026-01-12T16:59:51.979+0000] {logging_mixin.py:188} INFO - [2026-01-12T16:59:51.967+0000] {dag.py:3096} INFO - Sync 1 DAGs
[2026-01-12T16:59:52.026+0000] {logging_mixin.py:188} INFO - [2026-01-12T16:59:52.025+0000] {dag.py:3954} INFO - Setting next_dagrun for etl_medallion_dag to 2026-01-11 00:00:00+00:00, run_after=2026-01-12 00:00:00+00:00
[2026-01-12T16:59:52.086+0000] {processor.py:183} INFO - Processing /opt/airflow/dags/etl_medallion_dag.py took 15.330 seconds
[2026-01-12T17:00:23.062+0000] {processor.py:161} INFO - Started process (PID=596) to work on /opt/airflow/dags/etl_medallion_dag.py
[2026-01-12T17:00:23.068+0000] {processor.py:830} INFO - Processing file /opt/airflow/dags/etl_medallion_dag.py for tasks to queue
[2026-01-12T17:00:23.079+0000] {logging_mixin.py:188} INFO - [2026-01-12T17:00:23.073+0000] {dagbag.py:540} INFO - Filling up the DagBag from /opt/airflow/dags/etl_medallion_dag.py
[2026-01-12T17:00:28.452+0000] {processor.py:840} INFO - DAG(s) 'etl_medallion_dag' retrieved from /opt/airflow/dags/etl_medallion_dag.py
[2026-01-12T17:00:28.557+0000] {logging_mixin.py:188} INFO - [2026-01-12T17:00:28.556+0000] {dag.py:3096} INFO - Sync 1 DAGs
[2026-01-12T17:00:28.612+0000] {logging_mixin.py:188} INFO - [2026-01-12T17:00:28.611+0000] {dag.py:3954} INFO - Setting next_dagrun for etl_medallion_dag to 2026-01-11 00:00:00+00:00, run_after=2026-01-12 00:00:00+00:00
[2026-01-12T17:00:28.663+0000] {processor.py:183} INFO - Processing /opt/airflow/dags/etl_medallion_dag.py took 5.693 seconds
[2026-01-12T17:01:00.006+0000] {processor.py:161} INFO - Started process (PID=608) to work on /opt/airflow/dags/etl_medallion_dag.py
[2026-01-12T17:01:00.023+0000] {processor.py:830} INFO - Processing file /opt/airflow/dags/etl_medallion_dag.py for tasks to queue
[2026-01-12T17:01:00.058+0000] {logging_mixin.py:188} INFO - [2026-01-12T17:01:00.034+0000] {dagbag.py:540} INFO - Filling up the DagBag from /opt/airflow/dags/etl_medallion_dag.py
[2026-01-12T17:01:07.352+0000] {processor.py:840} INFO - DAG(s) 'etl_medallion_dag' retrieved from /opt/airflow/dags/etl_medallion_dag.py
[2026-01-12T17:01:07.514+0000] {logging_mixin.py:188} INFO - [2026-01-12T17:01:07.511+0000] {dag.py:3096} INFO - Sync 1 DAGs
[2026-01-12T17:01:07.598+0000] {logging_mixin.py:188} INFO - [2026-01-12T17:01:07.598+0000] {dag.py:3954} INFO - Setting next_dagrun for etl_medallion_dag to 2026-01-11 00:00:00+00:00, run_after=2026-01-12 00:00:00+00:00
[2026-01-12T17:01:07.662+0000] {processor.py:183} INFO - Processing /opt/airflow/dags/etl_medallion_dag.py took 7.950 seconds
[2026-01-12T17:01:38.838+0000] {processor.py:161} INFO - Started process (PID=1051) to work on /opt/airflow/dags/etl_medallion_dag.py
[2026-01-12T17:01:38.855+0000] {processor.py:830} INFO - Processing file /opt/airflow/dags/etl_medallion_dag.py for tasks to queue
[2026-01-12T17:01:38.882+0000] {logging_mixin.py:188} INFO - [2026-01-12T17:01:38.865+0000] {dagbag.py:540} INFO - Filling up the DagBag from /opt/airflow/dags/etl_medallion_dag.py
[2026-01-12T17:01:47.395+0000] {processor.py:840} INFO - DAG(s) 'etl_medallion_dag' retrieved from /opt/airflow/dags/etl_medallion_dag.py
[2026-01-12T17:01:47.766+0000] {logging_mixin.py:188} INFO - [2026-01-12T17:01:47.765+0000] {dag.py:3096} INFO - Sync 1 DAGs
[2026-01-12T17:01:47.862+0000] {logging_mixin.py:188} INFO - [2026-01-12T17:01:47.861+0000] {dag.py:3954} INFO - Setting next_dagrun for etl_medallion_dag to 2026-01-11 00:00:00+00:00, run_after=2026-01-12 00:00:00+00:00
[2026-01-12T17:01:47.960+0000] {processor.py:183} INFO - Processing /opt/airflow/dags/etl_medallion_dag.py took 9.301 seconds
[2026-01-12T17:02:19.416+0000] {processor.py:161} INFO - Started process (PID=1060) to work on /opt/airflow/dags/etl_medallion_dag.py
[2026-01-12T17:02:19.438+0000] {processor.py:830} INFO - Processing file /opt/airflow/dags/etl_medallion_dag.py for tasks to queue
[2026-01-12T17:02:19.466+0000] {logging_mixin.py:188} INFO - [2026-01-12T17:02:19.451+0000] {dagbag.py:540} INFO - Filling up the DagBag from /opt/airflow/dags/etl_medallion_dag.py
[2026-01-12T17:02:29.430+0000] {processor.py:840} INFO - DAG(s) 'etl_medallion_dag' retrieved from /opt/airflow/dags/etl_medallion_dag.py
[2026-01-12T17:02:29.833+0000] {logging_mixin.py:188} INFO - [2026-01-12T17:02:29.832+0000] {dag.py:3096} INFO - Sync 1 DAGs
[2026-01-12T17:02:29.923+0000] {logging_mixin.py:188} INFO - [2026-01-12T17:02:29.922+0000] {dag.py:3954} INFO - Setting next_dagrun for etl_medallion_dag to 2026-01-11 00:00:00+00:00, run_after=2026-01-12 00:00:00+00:00
[2026-01-12T17:02:29.998+0000] {processor.py:183} INFO - Processing /opt/airflow/dags/etl_medallion_dag.py took 10.817 seconds
[2026-01-12T17:03:01.870+0000] {processor.py:161} INFO - Started process (PID=1548) to work on /opt/airflow/dags/etl_medallion_dag.py
[2026-01-12T17:03:01.887+0000] {processor.py:830} INFO - Processing file /opt/airflow/dags/etl_medallion_dag.py for tasks to queue
[2026-01-12T17:03:01.908+0000] {logging_mixin.py:188} INFO - [2026-01-12T17:03:01.895+0000] {dagbag.py:540} INFO - Filling up the DagBag from /opt/airflow/dags/etl_medallion_dag.py
[2026-01-12T17:03:11.882+0000] {processor.py:840} INFO - DAG(s) 'etl_medallion_dag' retrieved from /opt/airflow/dags/etl_medallion_dag.py
[2026-01-12T17:03:12.195+0000] {logging_mixin.py:188} INFO - [2026-01-12T17:03:12.193+0000] {dag.py:3096} INFO - Sync 1 DAGs
[2026-01-12T17:03:12.290+0000] {logging_mixin.py:188} INFO - [2026-01-12T17:03:12.289+0000] {dag.py:3954} INFO - Setting next_dagrun for etl_medallion_dag to 2026-01-11 00:00:00+00:00, run_after=2026-01-12 00:00:00+00:00
[2026-01-12T17:03:12.388+0000] {processor.py:183} INFO - Processing /opt/airflow/dags/etl_medallion_dag.py took 10.946 seconds
[2026-01-12T17:03:44.150+0000] {processor.py:161} INFO - Started process (PID=1964) to work on /opt/airflow/dags/etl_medallion_dag.py
[2026-01-12T17:03:44.200+0000] {processor.py:830} INFO - Processing file /opt/airflow/dags/etl_medallion_dag.py for tasks to queue
[2026-01-12T17:03:44.254+0000] {logging_mixin.py:188} INFO - [2026-01-12T17:03:44.216+0000] {dagbag.py:540} INFO - Filling up the DagBag from /opt/airflow/dags/etl_medallion_dag.py
[2026-01-12T17:03:55.079+0000] {processor.py:840} INFO - DAG(s) 'etl_medallion_dag' retrieved from /opt/airflow/dags/etl_medallion_dag.py
[2026-01-12T17:03:55.617+0000] {logging_mixin.py:188} INFO - [2026-01-12T17:03:55.612+0000] {dag.py:3096} INFO - Sync 1 DAGs
[2026-01-12T17:03:55.682+0000] {logging_mixin.py:188} INFO - [2026-01-12T17:03:55.681+0000] {dag.py:3954} INFO - Setting next_dagrun for etl_medallion_dag to 2026-01-11 00:00:00+00:00, run_after=2026-01-12 00:00:00+00:00
[2026-01-12T17:03:55.764+0000] {processor.py:183} INFO - Processing /opt/airflow/dags/etl_medallion_dag.py took 12.211 seconds
[2026-01-12T17:04:26.738+0000] {processor.py:161} INFO - Started process (PID=2144) to work on /opt/airflow/dags/etl_medallion_dag.py
[2026-01-12T17:04:26.751+0000] {processor.py:830} INFO - Processing file /opt/airflow/dags/etl_medallion_dag.py for tasks to queue
[2026-01-12T17:04:26.780+0000] {logging_mixin.py:188} INFO - [2026-01-12T17:04:26.763+0000] {dagbag.py:540} INFO - Filling up the DagBag from /opt/airflow/dags/etl_medallion_dag.py
[2026-01-12T17:04:37.735+0000] {processor.py:840} INFO - DAG(s) 'etl_medallion_dag' retrieved from /opt/airflow/dags/etl_medallion_dag.py
[2026-01-12T17:04:38.037+0000] {logging_mixin.py:188} INFO - [2026-01-12T17:04:38.035+0000] {dag.py:3096} INFO - Sync 1 DAGs
[2026-01-12T17:04:38.118+0000] {logging_mixin.py:188} INFO - [2026-01-12T17:04:38.117+0000] {dag.py:3954} INFO - Setting next_dagrun for etl_medallion_dag to 2026-01-11 00:00:00+00:00, run_after=2026-01-12 00:00:00+00:00
[2026-01-12T17:04:38.176+0000] {processor.py:183} INFO - Processing /opt/airflow/dags/etl_medallion_dag.py took 11.758 seconds
[2026-01-12T17:05:09.826+0000] {processor.py:161} INFO - Started process (PID=2150) to work on /opt/airflow/dags/etl_medallion_dag.py
[2026-01-12T17:05:09.834+0000] {processor.py:830} INFO - Processing file /opt/airflow/dags/etl_medallion_dag.py for tasks to queue
[2026-01-12T17:05:09.850+0000] {logging_mixin.py:188} INFO - [2026-01-12T17:05:09.841+0000] {dagbag.py:540} INFO - Filling up the DagBag from /opt/airflow/dags/etl_medallion_dag.py
[2026-01-12T17:05:22.269+0000] {processor.py:840} INFO - DAG(s) 'etl_medallion_dag' retrieved from /opt/airflow/dags/etl_medallion_dag.py
[2026-01-12T17:05:22.557+0000] {logging_mixin.py:188} INFO - [2026-01-12T17:05:22.555+0000] {dag.py:3096} INFO - Sync 1 DAGs
[2026-01-12T17:05:22.679+0000] {logging_mixin.py:188} INFO - [2026-01-12T17:05:22.678+0000] {dag.py:3954} INFO - Setting next_dagrun for etl_medallion_dag to 2026-01-11 00:00:00+00:00, run_after=2026-01-12 00:00:00+00:00
[2026-01-12T17:05:22.781+0000] {processor.py:183} INFO - Processing /opt/airflow/dags/etl_medallion_dag.py took 13.147 seconds
[2026-01-12T17:05:55.247+0000] {processor.py:161} INFO - Started process (PID=2156) to work on /opt/airflow/dags/etl_medallion_dag.py
[2026-01-12T17:05:55.340+0000] {processor.py:830} INFO - Processing file /opt/airflow/dags/etl_medallion_dag.py for tasks to queue
[2026-01-12T17:05:55.390+0000] {logging_mixin.py:188} INFO - [2026-01-12T17:05:55.362+0000] {dagbag.py:540} INFO - Filling up the DagBag from /opt/airflow/dags/etl_medallion_dag.py
[2026-01-12T17:06:03.781+0000] {processor.py:840} INFO - DAG(s) 'etl_medallion_dag' retrieved from /opt/airflow/dags/etl_medallion_dag.py
[2026-01-12T17:06:04.205+0000] {logging_mixin.py:188} INFO - [2026-01-12T17:06:04.196+0000] {dag.py:3096} INFO - Sync 1 DAGs
[2026-01-12T17:06:04.279+0000] {logging_mixin.py:188} INFO - [2026-01-12T17:06:04.279+0000] {dag.py:3954} INFO - Setting next_dagrun for etl_medallion_dag to 2026-01-11 00:00:00+00:00, run_after=2026-01-12 00:00:00+00:00
[2026-01-12T17:06:04.339+0000] {processor.py:183} INFO - Processing /opt/airflow/dags/etl_medallion_dag.py took 9.727 seconds
[2026-01-12T17:06:35.252+0000] {processor.py:161} INFO - Started process (PID=2162) to work on /opt/airflow/dags/etl_medallion_dag.py
[2026-01-12T17:06:35.260+0000] {processor.py:830} INFO - Processing file /opt/airflow/dags/etl_medallion_dag.py for tasks to queue
[2026-01-12T17:06:35.283+0000] {logging_mixin.py:188} INFO - [2026-01-12T17:06:35.269+0000] {dagbag.py:540} INFO - Filling up the DagBag from /opt/airflow/dags/etl_medallion_dag.py
[2026-01-12T17:06:43.419+0000] {processor.py:840} INFO - DAG(s) 'etl_medallion_dag' retrieved from /opt/airflow/dags/etl_medallion_dag.py
[2026-01-12T17:06:43.816+0000] {logging_mixin.py:188} INFO - [2026-01-12T17:06:43.810+0000] {dag.py:3096} INFO - Sync 1 DAGs
[2026-01-12T17:06:43.932+0000] {logging_mixin.py:188} INFO - [2026-01-12T17:06:43.931+0000] {dag.py:3954} INFO - Setting next_dagrun for etl_medallion_dag to 2026-01-11 00:00:00+00:00, run_after=2026-01-12 00:00:00+00:00
[2026-01-12T17:06:44.024+0000] {processor.py:183} INFO - Processing /opt/airflow/dags/etl_medallion_dag.py took 9.029 seconds
[2026-01-12T17:07:15.353+0000] {processor.py:161} INFO - Started process (PID=2168) to work on /opt/airflow/dags/etl_medallion_dag.py
[2026-01-12T17:07:15.364+0000] {processor.py:830} INFO - Processing file /opt/airflow/dags/etl_medallion_dag.py for tasks to queue
[2026-01-12T17:07:15.390+0000] {logging_mixin.py:188} INFO - [2026-01-12T17:07:15.376+0000] {dagbag.py:540} INFO - Filling up the DagBag from /opt/airflow/dags/etl_medallion_dag.py
[2026-01-12T17:07:25.726+0000] {processor.py:840} INFO - DAG(s) 'etl_medallion_dag' retrieved from /opt/airflow/dags/etl_medallion_dag.py
[2026-01-12T17:07:26.033+0000] {logging_mixin.py:188} INFO - [2026-01-12T17:07:26.031+0000] {dag.py:3096} INFO - Sync 1 DAGs
[2026-01-12T17:07:26.104+0000] {logging_mixin.py:188} INFO - [2026-01-12T17:07:26.104+0000] {dag.py:3954} INFO - Setting next_dagrun for etl_medallion_dag to 2026-01-11 00:00:00+00:00, run_after=2026-01-12 00:00:00+00:00
[2026-01-12T17:07:26.166+0000] {processor.py:183} INFO - Processing /opt/airflow/dags/etl_medallion_dag.py took 11.089 seconds
[2026-01-12T17:07:57.282+0000] {processor.py:161} INFO - Started process (PID=2174) to work on /opt/airflow/dags/etl_medallion_dag.py
[2026-01-12T17:07:57.299+0000] {processor.py:830} INFO - Processing file /opt/airflow/dags/etl_medallion_dag.py for tasks to queue
[2026-01-12T17:07:57.327+0000] {logging_mixin.py:188} INFO - [2026-01-12T17:07:57.313+0000] {dagbag.py:540} INFO - Filling up the DagBag from /opt/airflow/dags/etl_medallion_dag.py
[2026-01-12T17:08:08.409+0000] {processor.py:840} INFO - DAG(s) 'etl_medallion_dag' retrieved from /opt/airflow/dags/etl_medallion_dag.py
[2026-01-12T17:08:08.683+0000] {logging_mixin.py:188} INFO - [2026-01-12T17:08:08.677+0000] {dag.py:3096} INFO - Sync 1 DAGs
[2026-01-12T17:08:08.758+0000] {logging_mixin.py:188} INFO - [2026-01-12T17:08:08.758+0000] {dag.py:3954} INFO - Setting next_dagrun for etl_medallion_dag to 2026-01-11 00:00:00+00:00, run_after=2026-01-12 00:00:00+00:00
[2026-01-12T17:08:08.820+0000] {processor.py:183} INFO - Processing /opt/airflow/dags/etl_medallion_dag.py took 11.855 seconds
[2026-01-12T17:08:40.672+0000] {processor.py:161} INFO - Started process (PID=2180) to work on /opt/airflow/dags/etl_medallion_dag.py
[2026-01-12T17:08:40.684+0000] {processor.py:830} INFO - Processing file /opt/airflow/dags/etl_medallion_dag.py for tasks to queue
[2026-01-12T17:08:40.717+0000] {logging_mixin.py:188} INFO - [2026-01-12T17:08:40.698+0000] {dagbag.py:540} INFO - Filling up the DagBag from /opt/airflow/dags/etl_medallion_dag.py
[2026-01-12T17:08:55.509+0000] {processor.py:840} INFO - DAG(s) 'etl_medallion_dag' retrieved from /opt/airflow/dags/etl_medallion_dag.py
[2026-01-12T17:08:55.926+0000] {logging_mixin.py:188} INFO - [2026-01-12T17:08:55.920+0000] {dag.py:3096} INFO - Sync 1 DAGs
[2026-01-12T17:08:55.993+0000] {logging_mixin.py:188} INFO - [2026-01-12T17:08:55.992+0000] {dag.py:3954} INFO - Setting next_dagrun for etl_medallion_dag to 2026-01-11 00:00:00+00:00, run_after=2026-01-12 00:00:00+00:00
[2026-01-12T17:08:56.052+0000] {processor.py:183} INFO - Processing /opt/airflow/dags/etl_medallion_dag.py took 15.729 seconds
[2026-01-12T17:09:27.048+0000] {processor.py:161} INFO - Started process (PID=2186) to work on /opt/airflow/dags/etl_medallion_dag.py
[2026-01-12T17:09:27.057+0000] {processor.py:830} INFO - Processing file /opt/airflow/dags/etl_medallion_dag.py for tasks to queue
[2026-01-12T17:09:27.074+0000] {logging_mixin.py:188} INFO - [2026-01-12T17:09:27.064+0000] {dagbag.py:540} INFO - Filling up the DagBag from /opt/airflow/dags/etl_medallion_dag.py
[2026-01-12T17:09:33.260+0000] {processor.py:840} INFO - DAG(s) 'etl_medallion_dag' retrieved from /opt/airflow/dags/etl_medallion_dag.py
[2026-01-12T17:09:33.476+0000] {logging_mixin.py:188} INFO - [2026-01-12T17:09:33.475+0000] {dag.py:3096} INFO - Sync 1 DAGs
[2026-01-12T17:09:33.541+0000] {logging_mixin.py:188} INFO - [2026-01-12T17:09:33.541+0000] {dag.py:3954} INFO - Setting next_dagrun for etl_medallion_dag to 2026-01-11 00:00:00+00:00, run_after=2026-01-12 00:00:00+00:00
[2026-01-12T17:09:33.599+0000] {processor.py:183} INFO - Processing /opt/airflow/dags/etl_medallion_dag.py took 6.730 seconds
[2026-01-12T17:10:04.943+0000] {processor.py:161} INFO - Started process (PID=2192) to work on /opt/airflow/dags/etl_medallion_dag.py
[2026-01-12T17:10:04.948+0000] {processor.py:830} INFO - Processing file /opt/airflow/dags/etl_medallion_dag.py for tasks to queue
[2026-01-12T17:10:04.969+0000] {logging_mixin.py:188} INFO - [2026-01-12T17:10:04.958+0000] {dagbag.py:540} INFO - Filling up the DagBag from /opt/airflow/dags/etl_medallion_dag.py
[2026-01-12T17:10:12.612+0000] {processor.py:840} INFO - DAG(s) 'etl_medallion_dag' retrieved from /opt/airflow/dags/etl_medallion_dag.py
[2026-01-12T17:10:12.767+0000] {logging_mixin.py:188} INFO - [2026-01-12T17:10:12.766+0000] {dag.py:3096} INFO - Sync 1 DAGs
[2026-01-12T17:10:12.818+0000] {logging_mixin.py:188} INFO - [2026-01-12T17:10:12.818+0000] {dag.py:3954} INFO - Setting next_dagrun for etl_medallion_dag to 2026-01-11 00:00:00+00:00, run_after=2026-01-12 00:00:00+00:00
[2026-01-12T17:10:12.867+0000] {processor.py:183} INFO - Processing /opt/airflow/dags/etl_medallion_dag.py took 8.164 seconds
[2026-01-12T17:10:43.527+0000] {processor.py:161} INFO - Started process (PID=2198) to work on /opt/airflow/dags/etl_medallion_dag.py
[2026-01-12T17:10:43.535+0000] {processor.py:830} INFO - Processing file /opt/airflow/dags/etl_medallion_dag.py for tasks to queue
[2026-01-12T17:10:43.554+0000] {logging_mixin.py:188} INFO - [2026-01-12T17:10:43.545+0000] {dagbag.py:540} INFO - Filling up the DagBag from /opt/airflow/dags/etl_medallion_dag.py
[2026-01-12T17:10:48.792+0000] {processor.py:840} INFO - DAG(s) 'etl_medallion_dag' retrieved from /opt/airflow/dags/etl_medallion_dag.py
[2026-01-12T17:10:48.998+0000] {logging_mixin.py:188} INFO - [2026-01-12T17:10:48.997+0000] {dag.py:3096} INFO - Sync 1 DAGs
[2026-01-12T17:10:49.052+0000] {logging_mixin.py:188} INFO - [2026-01-12T17:10:49.051+0000] {dag.py:3954} INFO - Setting next_dagrun for etl_medallion_dag to 2026-01-11 00:00:00+00:00, run_after=2026-01-12 00:00:00+00:00
[2026-01-12T17:10:49.101+0000] {processor.py:183} INFO - Processing /opt/airflow/dags/etl_medallion_dag.py took 5.742 seconds
[2026-01-12T17:11:21.549+0000] {processor.py:161} INFO - Started process (PID=2204) to work on /opt/airflow/dags/etl_medallion_dag.py
[2026-01-12T17:11:21.618+0000] {processor.py:830} INFO - Processing file /opt/airflow/dags/etl_medallion_dag.py for tasks to queue
[2026-01-12T17:11:21.663+0000] {logging_mixin.py:188} INFO - [2026-01-12T17:11:21.639+0000] {dagbag.py:540} INFO - Filling up the DagBag from /opt/airflow/dags/etl_medallion_dag.py
[2026-01-12T17:11:35.287+0000] {processor.py:840} INFO - DAG(s) 'etl_medallion_dag' retrieved from /opt/airflow/dags/etl_medallion_dag.py
[2026-01-12T17:11:35.671+0000] {logging_mixin.py:188} INFO - [2026-01-12T17:11:35.662+0000] {dag.py:3096} INFO - Sync 1 DAGs
[2026-01-12T17:11:35.750+0000] {logging_mixin.py:188} INFO - [2026-01-12T17:11:35.748+0000] {dag.py:3954} INFO - Setting next_dagrun for etl_medallion_dag to 2026-01-11 00:00:00+00:00, run_after=2026-01-12 00:00:00+00:00
[2026-01-12T17:11:35.870+0000] {processor.py:183} INFO - Processing /opt/airflow/dags/etl_medallion_dag.py took 15.065 seconds
[2026-01-12T17:12:07.322+0000] {processor.py:161} INFO - Started process (PID=2210) to work on /opt/airflow/dags/etl_medallion_dag.py
[2026-01-12T17:12:07.331+0000] {processor.py:830} INFO - Processing file /opt/airflow/dags/etl_medallion_dag.py for tasks to queue
[2026-01-12T17:12:07.353+0000] {logging_mixin.py:188} INFO - [2026-01-12T17:12:07.340+0000] {dagbag.py:540} INFO - Filling up the DagBag from /opt/airflow/dags/etl_medallion_dag.py
[2026-01-12T17:12:17.229+0000] {processor.py:840} INFO - DAG(s) 'etl_medallion_dag' retrieved from /opt/airflow/dags/etl_medallion_dag.py
[2026-01-12T17:12:17.560+0000] {logging_mixin.py:188} INFO - [2026-01-12T17:12:17.559+0000] {dag.py:3096} INFO - Sync 1 DAGs
[2026-01-12T17:12:17.632+0000] {logging_mixin.py:188} INFO - [2026-01-12T17:12:17.631+0000] {dag.py:3954} INFO - Setting next_dagrun for etl_medallion_dag to 2026-01-11 00:00:00+00:00, run_after=2026-01-12 00:00:00+00:00
[2026-01-12T17:12:17.712+0000] {processor.py:183} INFO - Processing /opt/airflow/dags/etl_medallion_dag.py took 10.659 seconds
[2026-01-12T17:12:50.610+0000] {processor.py:161} INFO - Started process (PID=2216) to work on /opt/airflow/dags/etl_medallion_dag.py
[2026-01-12T17:12:50.694+0000] {processor.py:830} INFO - Processing file /opt/airflow/dags/etl_medallion_dag.py for tasks to queue
[2026-01-12T17:12:50.830+0000] {logging_mixin.py:188} INFO - [2026-01-12T17:12:50.741+0000] {dagbag.py:540} INFO - Filling up the DagBag from /opt/airflow/dags/etl_medallion_dag.py
[2026-01-12T17:13:12.420+0000] {processor.py:840} INFO - DAG(s) 'etl_medallion_dag' retrieved from /opt/airflow/dags/etl_medallion_dag.py
[2026-01-12T17:13:12.910+0000] {logging_mixin.py:188} INFO - [2026-01-12T17:13:12.904+0000] {dag.py:3096} INFO - Sync 1 DAGs
[2026-01-12T17:13:12.998+0000] {logging_mixin.py:188} INFO - [2026-01-12T17:13:12.997+0000] {dag.py:3954} INFO - Setting next_dagrun for etl_medallion_dag to 2026-01-11 00:00:00+00:00, run_after=2026-01-12 00:00:00+00:00
[2026-01-12T17:13:13.074+0000] {processor.py:183} INFO - Processing /opt/airflow/dags/etl_medallion_dag.py took 22.960 seconds
[2026-01-12T17:13:44.661+0000] {processor.py:161} INFO - Started process (PID=2222) to work on /opt/airflow/dags/etl_medallion_dag.py
[2026-01-12T17:13:44.669+0000] {processor.py:830} INFO - Processing file /opt/airflow/dags/etl_medallion_dag.py for tasks to queue
[2026-01-12T17:13:44.688+0000] {logging_mixin.py:188} INFO - [2026-01-12T17:13:44.677+0000] {dagbag.py:540} INFO - Filling up the DagBag from /opt/airflow/dags/etl_medallion_dag.py
[2026-01-12T17:13:51.927+0000] {processor.py:840} INFO - DAG(s) 'etl_medallion_dag' retrieved from /opt/airflow/dags/etl_medallion_dag.py
[2026-01-12T17:13:52.264+0000] {logging_mixin.py:188} INFO - [2026-01-12T17:13:52.263+0000] {dag.py:3096} INFO - Sync 1 DAGs
[2026-01-12T17:13:52.329+0000] {logging_mixin.py:188} INFO - [2026-01-12T17:13:52.329+0000] {dag.py:3954} INFO - Setting next_dagrun for etl_medallion_dag to 2026-01-11 00:00:00+00:00, run_after=2026-01-12 00:00:00+00:00
[2026-01-12T17:13:52.388+0000] {processor.py:183} INFO - Processing /opt/airflow/dags/etl_medallion_dag.py took 7.960 seconds
[2026-01-12T17:14:23.385+0000] {processor.py:161} INFO - Started process (PID=2228) to work on /opt/airflow/dags/etl_medallion_dag.py
[2026-01-12T17:14:23.398+0000] {processor.py:830} INFO - Processing file /opt/airflow/dags/etl_medallion_dag.py for tasks to queue
[2026-01-12T17:14:23.419+0000] {logging_mixin.py:188} INFO - [2026-01-12T17:14:23.409+0000] {dagbag.py:540} INFO - Filling up the DagBag from /opt/airflow/dags/etl_medallion_dag.py
[2026-01-12T17:14:30.838+0000] {processor.py:840} INFO - DAG(s) 'etl_medallion_dag' retrieved from /opt/airflow/dags/etl_medallion_dag.py
[2026-01-12T17:14:31.183+0000] {logging_mixin.py:188} INFO - [2026-01-12T17:14:31.177+0000] {dag.py:3096} INFO - Sync 1 DAGs
[2026-01-12T17:14:31.243+0000] {logging_mixin.py:188} INFO - [2026-01-12T17:14:31.242+0000] {dag.py:3954} INFO - Setting next_dagrun for etl_medallion_dag to 2026-01-11 00:00:00+00:00, run_after=2026-01-12 00:00:00+00:00
[2026-01-12T17:14:31.304+0000] {processor.py:183} INFO - Processing /opt/airflow/dags/etl_medallion_dag.py took 8.138 seconds
[2026-01-12T17:15:02.389+0000] {processor.py:161} INFO - Started process (PID=2234) to work on /opt/airflow/dags/etl_medallion_dag.py
[2026-01-12T17:15:02.396+0000] {processor.py:830} INFO - Processing file /opt/airflow/dags/etl_medallion_dag.py for tasks to queue
[2026-01-12T17:15:02.412+0000] {logging_mixin.py:188} INFO - [2026-01-12T17:15:02.402+0000] {dagbag.py:540} INFO - Filling up the DagBag from /opt/airflow/dags/etl_medallion_dag.py
[2026-01-12T17:15:10.059+0000] {processor.py:840} INFO - DAG(s) 'etl_medallion_dag' retrieved from /opt/airflow/dags/etl_medallion_dag.py
[2026-01-12T17:15:10.216+0000] {logging_mixin.py:188} INFO - [2026-01-12T17:15:10.215+0000] {dag.py:3096} INFO - Sync 1 DAGs
[2026-01-12T17:15:10.287+0000] {logging_mixin.py:188} INFO - [2026-01-12T17:15:10.287+0000] {dag.py:3954} INFO - Setting next_dagrun for etl_medallion_dag to 2026-01-11 00:00:00+00:00, run_after=2026-01-12 00:00:00+00:00
[2026-01-12T17:15:10.346+0000] {processor.py:183} INFO - Processing /opt/airflow/dags/etl_medallion_dag.py took 8.221 seconds
[2026-01-12T17:15:41.526+0000] {processor.py:161} INFO - Started process (PID=2240) to work on /opt/airflow/dags/etl_medallion_dag.py
[2026-01-12T17:15:41.538+0000] {processor.py:830} INFO - Processing file /opt/airflow/dags/etl_medallion_dag.py for tasks to queue
[2026-01-12T17:15:41.565+0000] {logging_mixin.py:188} INFO - [2026-01-12T17:15:41.550+0000] {dagbag.py:540} INFO - Filling up the DagBag from /opt/airflow/dags/etl_medallion_dag.py
[2026-01-12T17:15:52.110+0000] {processor.py:840} INFO - DAG(s) 'etl_medallion_dag' retrieved from /opt/airflow/dags/etl_medallion_dag.py
[2026-01-12T17:15:52.618+0000] {logging_mixin.py:188} INFO - [2026-01-12T17:15:52.612+0000] {dag.py:3096} INFO - Sync 1 DAGs
[2026-01-12T17:15:52.695+0000] {logging_mixin.py:188} INFO - [2026-01-12T17:15:52.693+0000] {dag.py:3954} INFO - Setting next_dagrun for etl_medallion_dag to 2026-01-11 00:00:00+00:00, run_after=2026-01-12 00:00:00+00:00
[2026-01-12T17:15:52.788+0000] {processor.py:183} INFO - Processing /opt/airflow/dags/etl_medallion_dag.py took 11.558 seconds
[2026-01-12T17:16:24.183+0000] {processor.py:161} INFO - Started process (PID=2246) to work on /opt/airflow/dags/etl_medallion_dag.py
[2026-01-12T17:16:24.197+0000] {processor.py:830} INFO - Processing file /opt/airflow/dags/etl_medallion_dag.py for tasks to queue
[2026-01-12T17:16:24.224+0000] {logging_mixin.py:188} INFO - [2026-01-12T17:16:24.212+0000] {dagbag.py:540} INFO - Filling up the DagBag from /opt/airflow/dags/etl_medallion_dag.py
[2026-01-12T17:16:32.115+0000] {processor.py:840} INFO - DAG(s) 'etl_medallion_dag' retrieved from /opt/airflow/dags/etl_medallion_dag.py
[2026-01-12T17:16:32.526+0000] {logging_mixin.py:188} INFO - [2026-01-12T17:16:32.520+0000] {dag.py:3096} INFO - Sync 1 DAGs
[2026-01-12T17:16:32.602+0000] {logging_mixin.py:188} INFO - [2026-01-12T17:16:32.602+0000] {dag.py:3954} INFO - Setting next_dagrun for etl_medallion_dag to 2026-01-11 00:00:00+00:00, run_after=2026-01-12 00:00:00+00:00
[2026-01-12T17:16:32.673+0000] {processor.py:183} INFO - Processing /opt/airflow/dags/etl_medallion_dag.py took 8.782 seconds
[2026-01-12T17:17:03.804+0000] {processor.py:161} INFO - Started process (PID=2252) to work on /opt/airflow/dags/etl_medallion_dag.py
[2026-01-12T17:17:03.822+0000] {processor.py:830} INFO - Processing file /opt/airflow/dags/etl_medallion_dag.py for tasks to queue
[2026-01-12T17:17:03.840+0000] {logging_mixin.py:188} INFO - [2026-01-12T17:17:03.831+0000] {dagbag.py:540} INFO - Filling up the DagBag from /opt/airflow/dags/etl_medallion_dag.py
[2026-01-12T17:17:11.899+0000] {processor.py:840} INFO - DAG(s) 'etl_medallion_dag' retrieved from /opt/airflow/dags/etl_medallion_dag.py
[2026-01-12T17:17:12.081+0000] {logging_mixin.py:188} INFO - [2026-01-12T17:17:12.078+0000] {dag.py:3096} INFO - Sync 1 DAGs
[2026-01-12T17:17:12.133+0000] {logging_mixin.py:188} INFO - [2026-01-12T17:17:12.132+0000] {dag.py:3954} INFO - Setting next_dagrun for etl_medallion_dag to 2026-01-11 00:00:00+00:00, run_after=2026-01-12 00:00:00+00:00
[2026-01-12T17:17:12.185+0000] {processor.py:183} INFO - Processing /opt/airflow/dags/etl_medallion_dag.py took 8.616 seconds
[2026-01-12T17:17:43.136+0000] {processor.py:161} INFO - Started process (PID=2258) to work on /opt/airflow/dags/etl_medallion_dag.py
[2026-01-12T17:17:43.141+0000] {processor.py:830} INFO - Processing file /opt/airflow/dags/etl_medallion_dag.py for tasks to queue
[2026-01-12T17:17:43.157+0000] {logging_mixin.py:188} INFO - [2026-01-12T17:17:43.150+0000] {dagbag.py:540} INFO - Filling up the DagBag from /opt/airflow/dags/etl_medallion_dag.py
[2026-01-12T17:17:48.399+0000] {processor.py:840} INFO - DAG(s) 'etl_medallion_dag' retrieved from /opt/airflow/dags/etl_medallion_dag.py
[2026-01-12T17:17:48.538+0000] {logging_mixin.py:188} INFO - [2026-01-12T17:17:48.537+0000] {dag.py:3096} INFO - Sync 1 DAGs
[2026-01-12T17:17:48.584+0000] {logging_mixin.py:188} INFO - [2026-01-12T17:17:48.584+0000] {dag.py:3954} INFO - Setting next_dagrun for etl_medallion_dag to 2026-01-11 00:00:00+00:00, run_after=2026-01-12 00:00:00+00:00
[2026-01-12T17:17:48.627+0000] {processor.py:183} INFO - Processing /opt/airflow/dags/etl_medallion_dag.py took 5.643 seconds
[2026-01-12T17:18:19.575+0000] {processor.py:161} INFO - Started process (PID=2264) to work on /opt/airflow/dags/etl_medallion_dag.py
[2026-01-12T17:18:19.587+0000] {processor.py:830} INFO - Processing file /opt/airflow/dags/etl_medallion_dag.py for tasks to queue
[2026-01-12T17:18:19.606+0000] {logging_mixin.py:188} INFO - [2026-01-12T17:18:19.597+0000] {dagbag.py:540} INFO - Filling up the DagBag from /opt/airflow/dags/etl_medallion_dag.py
[2026-01-12T17:18:26.750+0000] {processor.py:840} INFO - DAG(s) 'etl_medallion_dag' retrieved from /opt/airflow/dags/etl_medallion_dag.py
[2026-01-12T17:18:26.966+0000] {logging_mixin.py:188} INFO - [2026-01-12T17:18:26.965+0000] {dag.py:3096} INFO - Sync 1 DAGs
[2026-01-12T17:18:27.024+0000] {logging_mixin.py:188} INFO - [2026-01-12T17:18:27.023+0000] {dag.py:3954} INFO - Setting next_dagrun for etl_medallion_dag to 2026-01-11 00:00:00+00:00, run_after=2026-01-12 00:00:00+00:00
[2026-01-12T17:18:27.071+0000] {processor.py:183} INFO - Processing /opt/airflow/dags/etl_medallion_dag.py took 7.667 seconds
[2026-01-12T17:18:59.249+0000] {processor.py:161} INFO - Started process (PID=2270) to work on /opt/airflow/dags/etl_medallion_dag.py
[2026-01-12T17:18:59.283+0000] {processor.py:830} INFO - Processing file /opt/airflow/dags/etl_medallion_dag.py for tasks to queue
[2026-01-12T17:18:59.310+0000] {logging_mixin.py:188} INFO - [2026-01-12T17:18:59.295+0000] {dagbag.py:540} INFO - Filling up the DagBag from /opt/airflow/dags/etl_medallion_dag.py
[2026-01-12T17:19:09.800+0000] {processor.py:840} INFO - DAG(s) 'etl_medallion_dag' retrieved from /opt/airflow/dags/etl_medallion_dag.py
[2026-01-12T17:19:10.039+0000] {logging_mixin.py:188} INFO - [2026-01-12T17:19:10.033+0000] {dag.py:3096} INFO - Sync 1 DAGs
[2026-01-12T17:19:10.139+0000] {logging_mixin.py:188} INFO - [2026-01-12T17:19:10.138+0000] {dag.py:3954} INFO - Setting next_dagrun for etl_medallion_dag to 2026-01-11 00:00:00+00:00, run_after=2026-01-12 00:00:00+00:00
[2026-01-12T17:19:10.234+0000] {processor.py:183} INFO - Processing /opt/airflow/dags/etl_medallion_dag.py took 11.442 seconds
[2026-01-12T17:19:41.567+0000] {processor.py:161} INFO - Started process (PID=2276) to work on /opt/airflow/dags/etl_medallion_dag.py
[2026-01-12T17:19:41.580+0000] {processor.py:830} INFO - Processing file /opt/airflow/dags/etl_medallion_dag.py for tasks to queue
[2026-01-12T17:19:41.606+0000] {logging_mixin.py:188} INFO - [2026-01-12T17:19:41.593+0000] {dagbag.py:540} INFO - Filling up the DagBag from /opt/airflow/dags/etl_medallion_dag.py
[2026-01-12T17:19:51.591+0000] {processor.py:840} INFO - DAG(s) 'etl_medallion_dag' retrieved from /opt/airflow/dags/etl_medallion_dag.py
[2026-01-12T17:19:51.972+0000] {logging_mixin.py:188} INFO - [2026-01-12T17:19:51.966+0000] {dag.py:3096} INFO - Sync 1 DAGs
[2026-01-12T17:19:52.073+0000] {logging_mixin.py:188} INFO - [2026-01-12T17:19:52.073+0000] {dag.py:3954} INFO - Setting next_dagrun for etl_medallion_dag to 2026-01-11 00:00:00+00:00, run_after=2026-01-12 00:00:00+00:00
[2026-01-12T17:19:52.171+0000] {processor.py:183} INFO - Processing /opt/airflow/dags/etl_medallion_dag.py took 10.794 seconds
[2026-01-12T17:20:23.558+0000] {processor.py:161} INFO - Started process (PID=2282) to work on /opt/airflow/dags/etl_medallion_dag.py
[2026-01-12T17:20:23.565+0000] {processor.py:830} INFO - Processing file /opt/airflow/dags/etl_medallion_dag.py for tasks to queue
[2026-01-12T17:20:23.581+0000] {logging_mixin.py:188} INFO - [2026-01-12T17:20:23.573+0000] {dagbag.py:540} INFO - Filling up the DagBag from /opt/airflow/dags/etl_medallion_dag.py
[2026-01-12T17:20:29.723+0000] {processor.py:840} INFO - DAG(s) 'etl_medallion_dag' retrieved from /opt/airflow/dags/etl_medallion_dag.py
[2026-01-12T17:20:29.859+0000] {logging_mixin.py:188} INFO - [2026-01-12T17:20:29.858+0000] {dag.py:3096} INFO - Sync 1 DAGs
[2026-01-12T17:20:29.914+0000] {logging_mixin.py:188} INFO - [2026-01-12T17:20:29.914+0000] {dag.py:3954} INFO - Setting next_dagrun for etl_medallion_dag to 2026-01-11 00:00:00+00:00, run_after=2026-01-12 00:00:00+00:00
[2026-01-12T17:20:29.958+0000] {processor.py:183} INFO - Processing /opt/airflow/dags/etl_medallion_dag.py took 6.558 seconds
[2026-01-12T17:21:00.991+0000] {processor.py:161} INFO - Started process (PID=2288) to work on /opt/airflow/dags/etl_medallion_dag.py
[2026-01-12T17:21:01.003+0000] {processor.py:830} INFO - Processing file /opt/airflow/dags/etl_medallion_dag.py for tasks to queue
[2026-01-12T17:21:01.024+0000] {logging_mixin.py:188} INFO - [2026-01-12T17:21:01.012+0000] {dagbag.py:540} INFO - Filling up the DagBag from /opt/airflow/dags/etl_medallion_dag.py
[2026-01-12T17:21:07.881+0000] {processor.py:840} INFO - DAG(s) 'etl_medallion_dag' retrieved from /opt/airflow/dags/etl_medallion_dag.py
[2026-01-12T17:21:08.039+0000] {logging_mixin.py:188} INFO - [2026-01-12T17:21:08.038+0000] {dag.py:3096} INFO - Sync 1 DAGs
[2026-01-12T17:21:08.089+0000] {logging_mixin.py:188} INFO - [2026-01-12T17:21:08.089+0000] {dag.py:3954} INFO - Setting next_dagrun for etl_medallion_dag to 2026-01-11 00:00:00+00:00, run_after=2026-01-12 00:00:00+00:00
[2026-01-12T17:21:08.139+0000] {processor.py:183} INFO - Processing /opt/airflow/dags/etl_medallion_dag.py took 7.373 seconds
[2026-01-12T17:21:38.708+0000] {processor.py:161} INFO - Started process (PID=2294) to work on /opt/airflow/dags/etl_medallion_dag.py
[2026-01-12T17:21:38.711+0000] {processor.py:830} INFO - Processing file /opt/airflow/dags/etl_medallion_dag.py for tasks to queue
[2026-01-12T17:21:38.717+0000] {logging_mixin.py:188} INFO - [2026-01-12T17:21:38.713+0000] {dagbag.py:540} INFO - Filling up the DagBag from /opt/airflow/dags/etl_medallion_dag.py
[2026-01-12T17:21:40.024+0000] {processor.py:840} INFO - DAG(s) 'etl_medallion_dag' retrieved from /opt/airflow/dags/etl_medallion_dag.py
[2026-01-12T17:21:40.080+0000] {logging_mixin.py:188} INFO - [2026-01-12T17:21:40.079+0000] {dag.py:3096} INFO - Sync 1 DAGs
[2026-01-12T17:21:40.108+0000] {logging_mixin.py:188} INFO - [2026-01-12T17:21:40.107+0000] {dag.py:3954} INFO - Setting next_dagrun for etl_medallion_dag to 2026-01-11 00:00:00+00:00, run_after=2026-01-12 00:00:00+00:00
[2026-01-12T17:21:40.145+0000] {processor.py:183} INFO - Processing /opt/airflow/dags/etl_medallion_dag.py took 1.487 seconds
[2026-01-12T17:22:10.530+0000] {processor.py:161} INFO - Started process (PID=2300) to work on /opt/airflow/dags/etl_medallion_dag.py
[2026-01-12T17:22:10.536+0000] {processor.py:830} INFO - Processing file /opt/airflow/dags/etl_medallion_dag.py for tasks to queue
[2026-01-12T17:22:10.542+0000] {logging_mixin.py:188} INFO - [2026-01-12T17:22:10.539+0000] {dagbag.py:540} INFO - Filling up the DagBag from /opt/airflow/dags/etl_medallion_dag.py
[2026-01-12T17:22:14.529+0000] {processor.py:840} INFO - DAG(s) 'etl_medallion_dag' retrieved from /opt/airflow/dags/etl_medallion_dag.py
[2026-01-12T17:22:14.647+0000] {logging_mixin.py:188} INFO - [2026-01-12T17:22:14.647+0000] {dag.py:3096} INFO - Sync 1 DAGs
[2026-01-12T17:22:14.711+0000] {logging_mixin.py:188} INFO - [2026-01-12T17:22:14.711+0000] {dag.py:3954} INFO - Setting next_dagrun for etl_medallion_dag to 2026-01-11 00:00:00+00:00, run_after=2026-01-12 00:00:00+00:00
[2026-01-12T17:22:14.788+0000] {processor.py:183} INFO - Processing /opt/airflow/dags/etl_medallion_dag.py took 4.324 seconds
[2026-01-12T17:22:46.240+0000] {processor.py:161} INFO - Started process (PID=2306) to work on /opt/airflow/dags/etl_medallion_dag.py
[2026-01-12T17:22:46.247+0000] {processor.py:830} INFO - Processing file /opt/airflow/dags/etl_medallion_dag.py for tasks to queue
[2026-01-12T17:22:46.267+0000] {logging_mixin.py:188} INFO - [2026-01-12T17:22:46.256+0000] {dagbag.py:540} INFO - Filling up the DagBag from /opt/airflow/dags/etl_medallion_dag.py
[2026-01-12T17:22:54.636+0000] {processor.py:840} INFO - DAG(s) 'etl_medallion_dag' retrieved from /opt/airflow/dags/etl_medallion_dag.py
[2026-01-12T17:22:55.021+0000] {logging_mixin.py:188} INFO - [2026-01-12T17:22:55.020+0000] {dag.py:3096} INFO - Sync 1 DAGs
[2026-01-12T17:22:55.097+0000] {logging_mixin.py:188} INFO - [2026-01-12T17:22:55.097+0000] {dag.py:3954} INFO - Setting next_dagrun for etl_medallion_dag to 2026-01-11 00:00:00+00:00, run_after=2026-01-12 00:00:00+00:00
[2026-01-12T17:22:55.174+0000] {processor.py:183} INFO - Processing /opt/airflow/dags/etl_medallion_dag.py took 9.132 seconds
[2026-01-12T17:23:25.779+0000] {processor.py:161} INFO - Started process (PID=2312) to work on /opt/airflow/dags/etl_medallion_dag.py
[2026-01-12T17:23:25.786+0000] {processor.py:830} INFO - Processing file /opt/airflow/dags/etl_medallion_dag.py for tasks to queue
[2026-01-12T17:23:25.798+0000] {logging_mixin.py:188} INFO - [2026-01-12T17:23:25.792+0000] {dagbag.py:540} INFO - Filling up the DagBag from /opt/airflow/dags/etl_medallion_dag.py
[2026-01-12T17:23:31.987+0000] {processor.py:840} INFO - DAG(s) 'etl_medallion_dag' retrieved from /opt/airflow/dags/etl_medallion_dag.py
[2026-01-12T17:23:32.310+0000] {logging_mixin.py:188} INFO - [2026-01-12T17:23:32.309+0000] {dag.py:3096} INFO - Sync 1 DAGs
[2026-01-12T17:23:32.375+0000] {logging_mixin.py:188} INFO - [2026-01-12T17:23:32.374+0000] {dag.py:3954} INFO - Setting next_dagrun for etl_medallion_dag to 2026-01-11 00:00:00+00:00, run_after=2026-01-12 00:00:00+00:00
[2026-01-12T17:23:32.427+0000] {processor.py:183} INFO - Processing /opt/airflow/dags/etl_medallion_dag.py took 6.782 seconds
[2026-01-12T17:24:03.546+0000] {processor.py:161} INFO - Started process (PID=2318) to work on /opt/airflow/dags/etl_medallion_dag.py
[2026-01-12T17:24:03.567+0000] {processor.py:830} INFO - Processing file /opt/airflow/dags/etl_medallion_dag.py for tasks to queue
[2026-01-12T17:24:03.587+0000] {logging_mixin.py:188} INFO - [2026-01-12T17:24:03.576+0000] {dagbag.py:540} INFO - Filling up the DagBag from /opt/airflow/dags/etl_medallion_dag.py
[2026-01-12T17:24:10.638+0000] {processor.py:840} INFO - DAG(s) 'etl_medallion_dag' retrieved from /opt/airflow/dags/etl_medallion_dag.py
[2026-01-12T17:24:10.777+0000] {logging_mixin.py:188} INFO - [2026-01-12T17:24:10.775+0000] {dag.py:3096} INFO - Sync 1 DAGs
[2026-01-12T17:24:10.824+0000] {logging_mixin.py:188} INFO - [2026-01-12T17:24:10.823+0000] {dag.py:3954} INFO - Setting next_dagrun for etl_medallion_dag to 2026-01-11 00:00:00+00:00, run_after=2026-01-12 00:00:00+00:00
[2026-01-12T17:24:10.867+0000] {processor.py:183} INFO - Processing /opt/airflow/dags/etl_medallion_dag.py took 7.576 seconds
[2026-01-12T17:24:42.445+0000] {processor.py:161} INFO - Started process (PID=2324) to work on /opt/airflow/dags/etl_medallion_dag.py
[2026-01-12T17:24:42.465+0000] {processor.py:830} INFO - Processing file /opt/airflow/dags/etl_medallion_dag.py for tasks to queue
[2026-01-12T17:24:42.488+0000] {logging_mixin.py:188} INFO - [2026-01-12T17:24:42.477+0000] {dagbag.py:540} INFO - Filling up the DagBag from /opt/airflow/dags/etl_medallion_dag.py
[2026-01-12T17:24:56.334+0000] {processor.py:840} INFO - DAG(s) 'etl_medallion_dag' retrieved from /opt/airflow/dags/etl_medallion_dag.py
[2026-01-12T17:24:57.086+0000] {logging_mixin.py:188} INFO - [2026-01-12T17:24:57.078+0000] {dag.py:3096} INFO - Sync 1 DAGs
[2026-01-12T17:24:57.227+0000] {logging_mixin.py:188} INFO - [2026-01-12T17:24:57.226+0000] {dag.py:3954} INFO - Setting next_dagrun for etl_medallion_dag to 2026-01-11 00:00:00+00:00, run_after=2026-01-12 00:00:00+00:00
[2026-01-12T17:24:57.338+0000] {processor.py:183} INFO - Processing /opt/airflow/dags/etl_medallion_dag.py took 15.091 seconds
